Sub_ID;Island_Group;Sub_Area;Tech_Pot_med;LCOE_med;BPP
96;Sumatera;8.326;0.038815792;16.15;8.56
118;Sumatera;0.91;0.004044855;12.68;8.56
158;Sumatera;6.569;0.033107754;14.94;8.56
159;Sumatera;14.566;0.086812612;13.17;8.56
167;Sumatera;1.179;0.007505231;10.61;8.56
183;Sumatera;3.163;0.017137836;13.28;8.56
216;Sumatera;1.284;0.005168954;14.56;8.56
226;Sumatera;5.256;0.02691709;14.23;8.56
229;Sumatera;4.602;0.030922995;11.66;8.56
506;Sumatera;1.661;0.005312915;18.72;9.26
985;Sumatera;0.937;0.002817046;17.89;8.56
1034;Sumatera;1.277;0.005864026;13.11;8.56
1035;Sumatera;1.227;0.004901194;15.16;8.56
1280;Sumatera;4.612;0.021371177;15.94;9.43
1281;Sumatera;2.424;0.009559255;17.19;9.43
1311;Sumatera;3.351;0.011638007;19.19;6.83
1329;Sumatera;6.502;0.033461503;14.68;6.83
1330;Sumatera;9.115;0.053269817;13.31;6.83
1339;Sumatera;0.795;0.002958843;13.58;9.43
1340;Sumatera;5.026;0.022383551;16.38;9.43
1342;Sumatera;1.865;0.008452272;15.12;9.43
1343;Sumatera;2.7;0.012639538;15.27;9.43
1371;Sumatera;0.703;0.002010264;15.09;6.83
1375;Sumatera;0.823;0.002179511;18.89;6.83
1380;Sumatera;3.852;0.016946734;16.18;6.83
1381;Sumatera;0.878;0.004029715;12.82;6.83
1390;Sumatera;1.703;0.006667411;15.35;8.56
1491;Sumatera;8.884;0.036820763;17.88;8.56
1556;Sumatera;32.579;0.135606992;18.24;8.56
1557;Sumatera;1.926;0.006819302;18.49;8.56
1558;Sumatera;1.986;0.008959438;15.24;8.56
1568;Sumatera;1.399;0.005438299;16.24;8.56
1599;Sumatera;3.675;0.023306823;11.82;8.56
1600;Sumatera;17.622;0.094009666;14.71;8.56
1603;Sumatera;1.167;0.004598653;15.75;8.56
1612;Sumatera;0.721;0.003163228;11.09;8.56
1613;Sumatera;0.758;0.002050198;18.52;8.56
1616;Sumatera;4.482;0.021042135;15.53;8.56
1648;Sumatera;2.227;0.010912887;14.49;8.56
1661;Sumatera;3.545;0.018435764;14.2;8.56
1664;Sumatera;4.411;0.018789232;16.85;8.56
1665;Sumatera;1.875;0.008194857;15.29;8.56
1678;Sumatera;7.203;0.040025629;13.45;8.56
1679;Sumatera;9.807;0.0597183;12.87;8.56
2238;Sumatera;1.858;0.006097258;20.15;6.83
2250;Sumatera;3.228;0.010017191;21.58;6.83
2329;Sumatera;1.155;0.005096449;14.42;7.13
2466;Sumatera;1.899;0.007930831;16.01;6.83
2474;Sumatera;10.142;0.041608615;18.42;6.83
2667;Sumatera;0.952;0.003024178;16.71;6.83
2844;Sumatera;1.258;0.003410474;20.84;6.83
2898;Sumatera;0.683;0.001462668;19.32;6.83
2934;Sumatera;2.946;0.011196452;18.25;7.13
3196;Sumatera;1.711;0.005579944;18.19;7.13
3197;Sumatera;1.147;0.003493752;19.9;7.13
3271;Sumatera;7.761;0.041139169;14.49;7.13
3279;Sumatera;3.561;0.017742389;14.72;7.13
3291;Sumatera;2.659;0.011313483;16.31;7.13
3882;Sumatera;0.706;0.001529544;18.5;10.6
4204;Sumatera;0.847;0.002134388;20.04;6.83
4233;Sumatera;2.046;0.011395449;13.04;6.83
4244;Sumatera;0.966;0.003007976;16.84;6.83
4257;Sumatera;1.07;0.004164391;15.43;6.83
4285;Sumatera;2.795;0.015929793;12.83;7.13
4290;Sumatera;0.7;0.002185092;14.05;7.13
4291;Sumatera;1.726;0.009081042;12.46;7.13
4326;Sumatera;1.079;0.004485197;14.64;7.13
4341;Sumatera;1.357;0.004235333;20.42;6.83
4973;Sumatera;0.778;0.002446176;15.91;12.58
4987;Sumatera;2.136;0.007116399;19.96;12.58
4989;Sumatera;8.073;0.029117196;19.99;12.58
5010;Sumatera;0.922;0.002627133;18.28;6.83
5088;Sumatera;0.727;0.001390054;21.06;7.13
5089;Sumatera;14.012;0.04647319;22.35;7.13
5165;Sumatera;3.53;0.011273125;21.92;7.13
5202;Sumatera;1.041;0.002926699;20.19;7.13
5204;Sumatera;7.256;0.022713924;22.22;7.13
5207;Sumatera;0.788;0.001908995;19.76;7.13
5380;Sumatera;0.792;0.001812127;20.71;7.13
5381;Sumatera;1.3;0.003612256;21.69;7.13
5421;Sumatera;0.926;0.003536267;14.54;7.13
5445;Sumatera;1.247;0.003752704;19.18;6.83
5582;Sumatera;2.791;0.00837131;22.55;6.83
5583;Sumatera;4.923;0.015308238;22.62;6.83
5585;Sumatera;1.61;0.004480317;21.17;6.83
5586;Sumatera;0.728;0.0014033;20.93;6.83
5589;Sumatera;0.918;0.002256049;20.75;6.83
5592;Sumatera;7.653;0.025391938;22.1;6.83
5618;Sumatera;4.456;0.014077731;22.16;6.83
5624;Sumatera;1.282;0.003252212;22.01;6.83
5625;Sumatera;6.047;0.020097491;21.57;7.13
5626;Sumatera;1.635;0.004319185;22.17;7.13
5678;Sumatera;1.89;0.005220907;22.64;7.13
5683;Sumatera;4.432;0.015939416;19.73;7.13
5692;Sumatera;4.36;0.013507908;22.5;7.13
5760;Sumatera;40.887;0.134408757;22.62;7.13
5763;Sumatera;1.469;0.004305744;20.31;13.77
5765;Sumatera;19.168;0.06643499;21.34;13.77
5766;Sumatera;10.975;0.039832513;20.21;13.77
5799;Sumatera;11.828;0.0446772;19.39;13.77
5808;Sumatera;3.225;0.009388307;22.79;7.13
5809;Sumatera;3.703;0.011578423;21.71;7.13
5814;Sumatera;13.796;0.045527741;22.08;7.13
5820;Sumatera;5.782;0.018634619;22.09;7.13
5821;Sumatera;7.345;0.023190988;22.13;7.13
5825;Sumatera;3.333;0.009778768;22.4;7.13
5826;Sumatera;14.696;0.047777741;22.66;7.13
5827;Sumatera;10.528;0.034104252;22.71;7.13
5882;Sumatera;0.689;0.001359538;20.4;7.13
5936;Sumatera;0.694;0.001584347;18.15;6.83
6069;Sumatera;8.964;0.033119392;19.91;13.77
6071;Sumatera;1.028;0.002625143;22.26;13.77
6079;Sumatera;2.647;0.008475884;20.6;13.77
6080;Sumatera;11.499;0.042689175;20.07;13.77
6081;Sumatera;25.652;0.100555358;19.21;13.77
6082;Sumatera;2.924;0.008832963;21.8;13.77
6083;Sumatera;33.484;0.128922363;19.61;13.77
6084;Sumatera;10.48;0.050466132;15.95;13.77
6085;Sumatera;12.025;0.048186007;18.87;13.77
6086;Sumatera;14.739;0.054021297;20.27;13.77
6088;Sumatera;48.108;0.18717935;19.61;13.77
6095;Sumatera;1.53;0.004497114;20.73;13.77
6096;Sumatera;20.87;0.080006954;19.76;13.77
6100;Sumatera;1.426;0.004072058;20.8;13.77
6104;Sumatera;0.889;0.002464762;19.24;13.77
6106;Sumatera;1.266;0.003446076;20.58;13.77
6109;Sumatera;11.887;0.042861546;20.39;13.77
6110;Sumatera;15.89;0.06302187;19.03;13.77
6112;Sumatera;1.26;0.003859874;18.66;13.77
6113;Sumatera;16.626;0.066057072;18.86;13.77
6119;Sumatera;2.769;0.008132337;22.82;13.77
6121;Sumatera;5.322;0.017583993;21.09;13.77
6313;Sumatera;0.857;0.001855613;22.84;6.83
6330;Sumatera;10.855;0.035034257;22.44;7.13
6331;Sumatera;1.135;0.003841977;17.77;7.13
6340;Sumatera;1.964;0.006726772;19.06;13.77
6341;Sumatera;4.577;0.017280678;19.11;13.77
6346;Sumatera;2.773;0.012531241;15.23;13.77
6347;Sumatera;1.658;0.005535874;17.96;13.77
6348;Sumatera;0.678;0.001750499;16.53;13.77
6349;Sumatera;2.216;0.011866771;13.38;13.77
6350;Sumatera;23.206;0.105538363;16.99;13.77
6351;Sumatera;52.249;0.172763158;22.67;13.77
6354;Sumatera;74.416;0.25033998;22.3;13.77
6356;Sumatera;17.738;0.071003297;18.82;13.77
6357;Sumatera;1.348;0.003864144;21.37;13.77
6360;Sumatera;3.053;0.009265648;22.3;13.77
6361;Sumatera;6.981;0.022701693;22.13;13.77
6362;Sumatera;4.515;0.014441737;22.39;13.77
6369;Sumatera;5.071;0.020557894;17.87;13.77
6370;Sumatera;25.612;0.096176123;20;13.77
6378;Sumatera;1.166;0.002929795;23.14;13.77
6397;Sumatera;5.768;0.021379168;19.55;13.77
6398;Sumatera;25.469;0.108725562;17.93;13.77
6402;Sumatera;5.203;0.02246655;16.6;13.77
6404;Sumatera;4.871;0.016879662;20.62;13.77
6405;Sumatera;3.222;0.009687181;22.14;13.77
6407;Sumatera;5.152;0.025555622;14.82;13.77
6409;Sumatera;3.695;0.011262854;21.98;13.77
6411;Sumatera;2.066;0.007233562;19.25;13.77
6414;Sumatera;1.341;0.004926687;17.02;13.77
6416;Sumatera;2.428;0.016320483;11.05;13.77
6424;Sumatera;3.655;0.014653815;17.53;12.58
6430;Sumatera;0.678;0.002110844;14.48;12.58
6433;Sumatera;6.365;0.033307148;14.22;12.58
6434;Sumatera;17.997;0.08935121;15.64;12.58
6439;Sumatera;0.691;0.001970525;15.31;12.58
6442;Sumatera;4.562;0.028464535;12.57;12.58
6443;Sumatera;0.866;0.004045909;12.44;12.58
6449;JavaBali;1.43;0.008232921;11.45;6.23
6470;JavaBali;1.882;0.011677166;11.31;6.23
6504;JavaBali;6.029;0.027585479;16.28;6.23
6795;Sumatera;0.69;0.001596317;17.8;13.77
6819;JavaBali;1.105;0.005555078;12.31;6.23
6831;JavaBali;6.368;0.041343831;11.86;6.23
6832;JavaBali;1.665;0.012172939;9.42;6.23
6839;JavaBali;1.276;0.006631864;11.8;6.23
6898;JavaBali;0.819;0.003433819;12.83;6.23
6984;JavaBali;0.857;0.002834002;15.65;6.23
7144;Sumatera;26.979;0.114553432;17.89;13.46
7145;Sumatera;0.804;0.00282506;14.07;13.46
7146;Sumatera;13.188;0.061255943;16.33;13.46
7148;Sumatera;4.006;0.015636686;18.23;13.46
7154;Sumatera;12.38;0.043272803;21.01;13.46
7156;Sumatera;0.954;0.00259322;19.07;13.46
7158;Sumatera;13.879;0.047627535;21.38;13.46
7164;Sumatera;17.81;0.058653574;22.42;13.46
7165;Sumatera;7.948;0.027241371;21.19;13.46
7166;Sumatera;3.594;0.011440719;21.6;13.46
7169;Sumatera;2.619;0.00833109;20.94;13.46
7170;Sumatera;3.619;0.011887672;20.88;13.46
7173;Sumatera;5.101;0.016771637;21.39;13.46
7175;Sumatera;1.426;0.00479448;17.97;13.46
7177;Sumatera;8.739;0.029754052;21.28;13.46
7180;Sumatera;1.792;0.00496824;21.39;13.46
7183;Sumatera;1.326;0.004385698;18.8;13.46
7189;Sumatera;3.558;0.011543064;21.43;13.46
7193;Sumatera;0.7;0.001330038;20.76;13.46
7204;Sumatera;5.03;0.01768079;20.14;13.46
7205;Sumatera;1.004;0.002717035;20.82;13.46
7206;Sumatera;3.497;0.011985631;20.71;13.46
7219;Sumatera;1.985;0.010186983;13.68;10.56
7230;Sumatera;10.477;0.043713328;18.15;10.56
7234;Sumatera;0.802;0.002708593;14.61;10.56
7236;Sumatera;2.442;0.011042707;15.25;10.56
7238;Sumatera;0.952;0.0034197;14.96;10.56
7375;JavaBali;0.88;0.003871815;13.28;6.23
7385;JavaBali;0.694;0.001690965;17.21;6.23
7419;JavaBali;1.331;0.00837007;11.01;6.23
7440;JavaBali;0.939;0.007689278;8.08;6.23
7624;Kalimantan;0.739;0.002585138;13.5;10.56
7628;Kalimantan;2.202;0.013106085;12.16;10.56
7642;Kalimantan;0.898;0.004175201;12.44;10.56
7883;Kalimantan;4.618;0.026709881;13.23;10.56
7888;Kalimantan;1.749;0.008177698;13.65;10.56
7893;Kalimantan;3.539;0.021777034;12.4;10.56
7901;Kalimantan;2.539;0.012458933;14.25;10.56
7904;Kalimantan;1.771;0.007387078;14.88;10.56
7909;Kalimantan;9.576;0.058416256;12.98;10.56
7912;Kalimantan;4.233;0.022566502;13.59;10.56
7917;Kalimantan;1.692;0.007993334;13.23;10.56
7918;Kalimantan;1.539;0.0068492;14.4;10.56
7920;Kalimantan;2.777;0.013923456;14.32;10.56
7935;Kalimantan;3.232;0.017835667;13.03;10.56
7936;Kalimantan;6.707;0.037947797;13.77;10.56
7937;Kalimantan;2.427;0.009489659;17.34;10.56
8241;Kalimantan;0.768;0.002053845;18.53;10.56
8246;Kalimantan;1.406;0.005237728;16.67;10.56
8255;Kalimantan;3.078;0.011450816;18.55;10.56
8459;Kalimantan;0.745;0.002654577;14.78;10.56
8468;Kalimantan;0.693;0.00220398;13.93;10.56
8670;JavaBali;3.306;0.022695505;10.78;6.23
8824;Kalimantan;1.222;0.004071139;17.6;10.56
8827;Kalimantan;3.511;0.012839276;19.46;10.56
8844;Kalimantan;2.693;0.009015505;20.23;10.56
8845;Kalimantan;0.854;0.001956584;21.72;10.56
8848;Kalimantan;0.685;0.001422303;19.64;8.54
8867;Kalimantan;3.397;0.013431906;18.34;10.56
8879;Kalimantan;9.766;0.048505747;15.43;10.56
8881;Kalimantan;1.38;0.0059233;15.07;10.56
8892;Kalimantan;1.407;0.006439825;14.02;10.56
9226;Kalimantan;0.869;0.003035636;15.91;8.54
9407;Kalimantan;9.726;0.051632246;14.63;8.54
9587;Kalimantan;0.924;0.003418714;14.71;8.54
9706;Kalimantan;1.473;0.006654845;13.94;8.54
9717;Kalimantan;3.756;0.012280965;21.65;8.54
9773;Kalimantan;2.13;0.00952632;15.47;10.56
9854;Kalimantan;0.699;0.001481427;19.11;10.56
9991;Kalimantan;1.931;0.008582056;14.81;10.56
10088;Kalimantan;1.217;0.003951216;18.05;10.56
10493;Kalimantan;0.912;0.003812112;13.42;10.56
10527;Kalimantan;0.735;0.002395671;14.25;10.56
10542;Kalimantan;1.124;0.005045477;13.82;8.54
10543;Kalimantan;1.2;0.004516333;15.9;8.54
10608;Kalimantan;8.001;0.035723009;16.8;9.07
10609;Kalimantan;1.154;0.005306109;13.93;9.07
10627;Kalimantan;1.684;0.005702115;17.42;9.07
10668;Kalimantan;0.867;0.00421985;11.89;9.07
10669;Kalimantan;2.33;0.009921633;16.32;9.07
10675;Kalimantan;1;0.004219149;13.92;9.07
10676;Kalimantan;6.693;0.041771546;12.58;9.07
10759;Kalimantan;3.633;0.02058261;13.05;9.07
10786;Kalimantan;3.914;0.02058273;14.09;9.07
10787;Kalimantan;2.77;0.016267665;12.2;9.07
10888;Kalimantan;4.231;0.022593349;13.63;9.07
10959;Kalimantan;1.116;0.004995309;14.08;9.07
11001;Kalimantan;8.657;0.054469642;12.63;9.07
11002;Kalimantan;1.029;0.004806197;12.98;9.07
11065;Kalimantan;4.124;0.028441118;11.16;9.07
11066;Kalimantan;0.729;0.001997209;15.72;9.07
11091;Kalimantan;1.99;0.009929667;13.98;9.07
11100;Kalimantan;19.333;0.076703634;18.78;9.07
11138;Kalimantan;1.233;0.005413828;13.93;9.07
11193;Kalimantan;17.002;0.104193072;13.06;9.07
11225;Kalimantan;1.308;0.005865803;14.62;9.07
11226;Kalimantan;0.847;0.003234301;13.97;9.07
11227;Kalimantan;1.231;0.005141858;14.61;9.07
11440;Kalimantan;0.997;0.003083515;18.34;9.07
11908;Kalimantan;1.819;0.00545914;20.2;9.07
12108;JavaBali;1.251;0.005208381;14.46;6.26
12199;JavaBali;3.181;0.015044782;14.9;6.23
12206;JavaBali;1.494;0.00740258;13.26;6.26
12207;JavaBali;2.449;0.013019094;13.55;6.26
12210;JavaBali;7.69;0.038253412;15.32;6.23
12224;JavaBali;2.052;0.007625665;18.49;6.23
12245;JavaBali;0.746;0.001878351;19.94;6.23
12262;JavaBali;1.083;0.004131761;15.87;6.23
12358;Kalimantan;4.35;0.028032963;11.94;8.54
12360;Kalimantan;73.22;0.448933741;13.28;8.54
12362;Kalimantan;1.911;0.009218998;14.01;8.54
12363;Kalimantan;1.248;0.004546731;16.19;8.54
12365;Kalimantan;2.843;0.013036319;15.09;8.54
12367;Kalimantan;6.241;0.03080077;15.06;8.54
12369;Kalimantan;4.37;0.020990175;15.29;8.54
12379;Kalimantan;3.88;0.013695122;19.86;8.54
12570;JavaBali;0.868;0.004685522;11;6.26
12575;JavaBali;2.634;0.017544522;11.03;6.26
12587;JavaBali;2.604;0.018532534;10.56;6.26
12677;JavaBali;1.195;0.003913137;18.1;6.26
12722;JavaBali;0.96;0.002859779;17.63;6.23
12729;JavaBali;1.28;0.003864701;18.92;6.23
12730;JavaBali;3.528;0.013949893;18.3;6.23
12731;JavaBali;0.944;0.003116663;16.3;6.23
12748;JavaBali;3.29;0.017816955;13.36;6.26
12772;JavaBali;2.878;0.012271864;16.23;6.26
12816;Kalimantan;3.744;0.011683228;22.73;8.54
13017;JavaBali;1.263;0.009454364;8.91;6.26
13145;JavaBali;1.468;0.00597018;15.27;6.26
13157;Kalimantan;1.299;0.003762191;19.9;8.54
13159;Kalimantan;0.758;0.002858588;13.93;8.54
13161;Kalimantan;1.005;0.004915483;12.67;8.54
13162;Kalimantan;1.038;0.00310851;19.13;8.54
13164;Kalimantan;2.786;0.008800864;21.52;8.54
13170;Kalimantan;2.206;0.008723603;17.27;8.54
13187;Kalimantan;5.712;0.022810495;18.31;8.54
13325;JavaBali;44.028;0.321335563;11.42;6.26
13329;JavaBali;25.191;0.174523164;11.89;6.26
13366;JavaBali;1.478;0.010939023;9.36;6.26
13386;JavaBali;2.611;0.018791657;10.44;6.26
13424;JavaBali;1.563;0.006764309;14.48;6.26
13436;JavaBali;23.065;0.173684557;11.07;6.26
13438;JavaBali;1.457;0.007596152;12.42;6.26
13456;JavaBali;0.784;0.002353685;16.46;6.26
13470;JavaBali;3.283;0.019448423;12.25;6.26
13522;JavaBali;8.906;0.032259369;20.25;6.26
13539;JavaBali;2.027;0.009655969;14.86;6.26
13559;JavaBali;2.442;0.010955894;15.31;6.26
13758;JavaBali;1.089;0.005758839;12.2;6.23
13805;JavaBali;2.021;0.019003392;8.61;6.23
13808;JavaBali;3.433;0.023700835;11.53;6.26
13817;JavaBali;3.197;0.011633254;18.85;6.26
13833;Kalimantan;5.678;0.03505729;12.52;8.54
13845;Kalimantan;2.737;0.011888172;15.91;8.54
13846;Kalimantan;37.425;0.161630542;17.71;8.54
13847;Kalimantan;7.288;0.038923556;14.02;8.54
13851;Kalimantan;15.808;0.110378753;11.76;8.54
13852;Kalimantan;4.185;0.022971006;13.31;8.54
13854;Kalimantan;62.749;0.243890975;19.47;8.54
13855;Kalimantan;3.924;0.01543187;18.16;8.54
13858;Kalimantan;16.731;0.063231653;19.7;8.54
13861;Kalimantan;4.228;0.027477239;11.61;8.54
13893;Kalimantan;3.224;0.014400612;15.69;8.54
13997;Kalimantan;2.601;0.009047847;19.2;8.54
14208;Rest;6.679;0.039438091;13.12;11.77
14215;Rest;27.972;0.195277292;11.81;11.77
14218;Rest;0.963;0.003499568;14.7;11.77
14220;Rest;1.358;0.007868759;11.84;11.77
14221;Rest;2.487;0.013401002;13.24;11.77
14222;Rest;1.038;0.006146302;10.57;11.77
14235;JavaBali;13.801;0.06525426;16.03;6.23
14239;JavaBali;37.418;0.188117602;15.65;6.23
14364;JavaBali;0.843;0.002496533;16.71;6.23
14365;JavaBali;0.988;0.003427659;16.63;6.23
14392;Kalimantan;1.577;0.005864338;16.38;8.54
14404;Kalimantan;2.677;0.009681294;18.76;8.54
14435;Kalimantan;6.142;0.036376457;13.21;8.54
14437;Kalimantan;29.81;0.268045121;9.69;8.54
14442;Kalimantan;8.238;0.044095106;14.2;8.54
14450;Kalimantan;8.42;0.047299615;13.65;8.54
14452;Kalimantan;5.731;0.02900262;14.97;8.54
14453;Kalimantan;1.096;0.003945689;16.51;8.54
14454;Kalimantan;1.274;0.005999669;12.78;8.54
14455;Kalimantan;2.027;0.006981751;19.61;8.54
14470;Kalimantan;2.711;0.017732929;11.3;8.54
14472;Kalimantan;0.841;0.002885408;14.76;8.54
14473;Kalimantan;7.412;0.045279648;12.9;8.54
14488;Kalimantan;1.675;0.007328468;14.3;8.54
14489;Kalimantan;1.072;0.004465543;14.38;9.07
14492;Kalimantan;2.586;0.012293935;14.79;8.54
14493;Kalimantan;2.804;0.011674574;16.65;8.54
14494;Kalimantan;1.238;0.00487685;15.31;8.54
14495;Kalimantan;3.199;0.019742902;11.97;8.54
14512;Kalimantan;0.691;0.002547733;12.3;8.54
14513;Kalimantan;3.876;0.017161566;16.51;8.54
14533;Kalimantan;2.322;0.010543636;15.49;8.54
14534;Kalimantan;5.963;0.02570593;17.09;8.54
14535;Kalimantan;0.709;0.001838478;16.22;8.54
14560;Kalimantan;8.552;0.036037365;17.7;8.54
14561;Kalimantan;35.122;0.226867448;12.6;8.54
14563;Kalimantan;4.379;0.025124398;13.11;8.54
14592;Kalimantan;2.39;0.010056087;16.02;8.54
14593;Kalimantan;1.681;0.006183569;16.5;8.54
14594;Kalimantan;3.247;0.017817474;13.24;8.54
14595;Kalimantan;7.4;0.038828936;14.44;8.54
14596;Kalimantan;0.871;0.003051022;15.85;8.54
14597;Kalimantan;7.774;0.053112417;11.65;8.54
14618;Kalimantan;3.395;0.017117609;15.12;9.07
14626;Kalimantan;2.267;0.009941726;16.05;8.54
14628;Kalimantan;2.134;0.009807317;15.02;8.54
14632;Kalimantan;0.678;0.002457267;12.71;9.07
14804;Rest;14.059;0.081682467;13.65;12.63
14806;Rest;1.038;0.003266856;18.33;12.63
14807;Rest;2.444;0.011039612;15.15;12.63
14809;Rest;31.65;0.249526;10.75;12.63
14811;Rest;9.828;0.074521756;10.75;12.63
14814;Rest;3.925;0.019152062;15.21;12.63
14815;Rest;0.914;0.004068114;12.69;12.63
14816;Rest;18.736;0.100268623;14.74;12.63
14820;Rest;4.734;0.023764667;14.93;12.63
14821;Rest;32.896;0.160827114;15.95;12.63
14823;Rest;0.719;0.00174362;16.67;12.63
14824;Rest;3.799;0.017109929;15.86;12.63
14825;Rest;3.289;0.013082401;17.28;12.63
14826;Rest;2.749;0.010804504;17.36;12.63
14829;Rest;3.549;0.021501799;12.51;12.63
14833;Rest;1.038;0.005959908;10.85;12.63
14834;Rest;12.45;0.075113799;13.18;12.63
14835;Rest;4.619;0.021665247;15.75;12.63
14836;Rest;18.613;0.116320153;12.94;12.63
14847;Rest;1.054;0.003828951;16.01;12.63
14848;Rest;0.678;0.001335644;20.83;11.77
14849;Rest;0.899;0.002451102;19.41;12.63
14852;Rest;3.514;0.015064434;17.06;11.77
14853;Rest;3.243;0.011460473;19.32;12.63
14858;Rest;0.925;0.003655605;14.1;11.77
14859;Rest;3.159;0.014224167;15.54;11.77
14861;Rest;1.345;0.006599681;13.4;11.77
14863;Rest;1.145;0.005333229;13.89;12.63
14864;Rest;3.155;0.019647711;11.9;11.77
14868;Rest;10.079;0.05279749;14.32;11.77
14872;Rest;1.551;0.007468286;13.39;12.63
14875;Rest;0.778;0.001931529;19.55;12.63
14877;Rest;1.612;0.007624964;13.51;11.77
14879;Rest;5.409;0.031444077;13.4;11.77
14881;Rest;14.352;0.077075754;14.55;11.77
14884;Rest;26.364;0.110585688;18.19;12.63
14889;Rest;7.149;0.033330759;15.92;12.63
14894;Rest;17.178;0.087002763;15.39;12.63
14897;Rest;10.413;0.041052374;18.99;12.63
14899;Rest;56.411;0.420779081;11.26;12.63
14901;Rest;21.422;0.16890007;10.68;12.63
14903;Rest;40.854;0.208701724;15.52;12.63
14904;Rest;16.289;0.100545243;12.99;12.63
14905;Rest;0.71;0.002369569;13.09;12.63
14906;Rest;8.55;0.054403173;12.32;12.63
14908;Rest;12.226;0.06522306;14.72;11.77
14912;Rest;6.161;0.029424233;15.77;12.63
14916;Rest;3.201;0.014504226;15.55;12.63
14918;Rest;6.686;0.03850257;13.41;12.63
14919;Rest;9.582;0.04902608;15.08;12.63
14920;Rest;0.973;0.002418955;20.65;12.63
14921;Rest;2.2;0.008023502;18.48;12.63
14922;Rest;31.363;0.221308984;11.71;12.63
14923;Rest;2.738;0.010588825;17.65;12.63
14924;Rest;0.747;0.002221685;17.14;12.63
14937;Rest;6.685;0.026712459;18.35;11.77
14947;Rest;4.814;0.023301419;15.47;12.63
14960;Rest;6.136;0.031956263;14.5;11.77
14961;Rest;1.732;0.006441203;16.56;11.77
14970;Rest;1.953;0.009119421;14.46;11.77
14974;Rest;2.321;0.011813687;13.98;12.63
14979;Rest;5.232;0.024894835;15.5;12.63
14980;Rest;9.013;0.049156309;14.15;12.63
14983;Rest;1.365;0.006162502;14.59;12.63
14987;Rest;1.717;0.007098487;14.91;12.63
14989;Rest;2.029;0.010485835;13.82;12.63
14996;Sulawesi;0.824;0.003575164;12.34;6.58
15083;Kalimantan;0.847;0.003167737;14.12;9.07
15203;Rest;9.658;0.046160543;15.87;12.63
15204;Rest;0.822;0.00303604;14.29;12.63
15219;Rest;1.246;0.009164955;9.19;12.63
15264;Sulawesi;14.824;0.09636608;12.54;6.58
15265;Sulawesi;5.66;0.038224252;11.62;6.58
15266;Sulawesi;6.327;0.065219428;8.18;6.58
15283;Sulawesi;6.914;0.05038992;11.08;6.58
15284;Sulawesi;3.46;0.023877209;11.44;6.58
15287;Sulawesi;27.338;0.193830397;11.72;6.58
15288;Sulawesi;13.058;0.084155758;12.62;6.58
15316;Sulawesi;1.695;0.005493486;18.39;7.48
15346;Sulawesi;1.855;0.009328596;13.77;7.48
15353;Sulawesi;1.974;0.007338059;17.95;7.48
15374;Sulawesi;0.675;0.001977763;14.25;7.48
15487;Sulawesi;3.189;0.018341507;12.62;6.58
15510;Sulawesi;0.744;0.002336871;15.23;6.58
15511;Sulawesi;9.716;0.044602275;16.59;6.58
15513;Sulawesi;16.406;0.093723778;13.89;6.58
15518;Sulawesi;0.75;0.001747605;21.26;6.58
15558;Sulawesi;5.762;0.023104831;18.3;6.58
15559;Sulawesi;7.294;0.039515395;13.8;6.58
15575;Sulawesi;0.708;0.002463548;12.71;6.58
15582;Sulawesi;1.859;0.006568478;18.79;6.58
15584;Sulawesi;1.846;0.005949635;18.75;6.58
15588;Sulawesi;1.08;0.003671541;17.17;6.58
15589;Sulawesi;8.511;0.038653179;16.64;6.58
15590;Sulawesi;1.815;0.00618096;17.52;6.58
15594;Sulawesi;1.581;0.005616452;17.03;6.58
15595;Sulawesi;0.712;0.001743243;16.78;6.58
15601;Sulawesi;21.572;0.121237909;14.12;6.58
15602;Sulawesi;2.26;0.015576625;10.99;6.58
15604;Sulawesi;3.045;0.014241384;15.44;6.58
15607;Sulawesi;1.859;0.007621424;16.52;6.58
15625;Sulawesi;2.545;0.011168363;15.59;6.58
15626;Sulawesi;1.312;0.005053214;16.83;6.58
15649;Sulawesi;3.708;0.01787883;14.89;6.58
15696;Sulawesi;5.784;0.027235043;15.76;6.58
15700;Sulawesi;2.01;0.007933882;17.12;6.58
15712;Sulawesi;7.19;0.040414783;13.38;6.58
15714;Sulawesi;14.621;0.092294668;12.52;6.58
15715;Sulawesi;5.912;0.037543555;12.26;6.58
15726;Sulawesi;1.529;0.004691544;19.95;6.58
15962;Sulawesi;0.76;0.002393976;16.19;7.48
15975;Sulawesi;1.15;0.004136201;17.25;7.48
16088;Sulawesi;1.728;0.009403396;12.13;10.57
16090;Sulawesi;14.452;0.089139484;12.93;10.57
16094;Sulawesi;28.557;0.156216223;14.42;10.57
16095;Sulawesi;5.471;0.043539935;10.23;10.57
16133;Rest;27.726;0.110408031;19.03;11.22
16134;Rest;17.863;0.080945706;17.01;11.22
16135;Rest;14.525;0.081096394;14;11.22
16142;Rest;64.926;0.365663125;14.35;11.22
16143;Rest;53.787;0.390891292;11.47;11.22
16144;Rest;30.525;0.262730783;10.1;11.22
16145;Rest;17.793;0.150192043;10.13;11.22
16148;Rest;14.986;0.084117574;14.06;11.22
16149;Rest;5.222;0.030957326;12.73;11.22
16151;Rest;20.838;0.177049013;10.05;11.22
16152;Rest;35.277;0.333766678;9.36;11.22
16153;Rest;17.892;0.216840137;7.69;11.22
16156;Rest;34.407;0.188982346;14.51;11.22
16157;Rest;2.018;0.010837282;13.11;11.22
16158;Rest;33.992;0.251642626;11.25;11.22
16159;Rest;2.253;0.015703465;10.9;11.22
16164;Rest;59.16;0.265935505;17.26;12.63
16166;Rest;4.494;0.023618107;14.36;12.63
16170;Rest;8.241;0.041233698;15.2;12.63
16181;Rest;8.259;0.072731208;9.57;11.22
16182;Rest;12.222;0.060503655;15.72;11.22
16183;Rest;11.061;0.064562991;13.3;11.22
16184;Rest;89.194;0.427173701;16.48;11.22
16185;Rest;1.222;0.007347689;10.85;11.22
16186;Rest;59.912;0.578071083;9.22;11.22
16187;Rest;2.666;0.010111533;18.08;11.22
16188;Rest;30.138;0.293172878;9.07;11.22
16190;Rest;94.67;0.993635303;8.67;11.22
16192;Rest;32.659;0.259999339;10.7;11.22
16193;Rest;3.276;0.015684138;14.79;11.22
16194;Rest;27.258;0.130248744;16.39;11.22
16195;Rest;32.458;0.262368837;10.53;11.22
16196;Rest;1.956;0.016881001;8.71;11.22
16200;Rest;80.745;0.416250857;15.45;11.22
16201;Rest;135.708;1.051629874;10.96;11.22
16202;Rest;1.621;0.00549158;17.9;11.22
16203;Rest;13.366;0.052466132;18.97;11.22
16205;Rest;1.017;0.006098922;10.62;11.22
16206;Rest;0.928;0.004874258;11.27;11.22
16208;Rest;1.464;0.006079888;14.93;11.22
16211;Rest;13.678;0.061016811;16.96;11.22
16212;Rest;113.03;0.723501893;12.79;11.22
16213;Rest;8.658;0.062531261;11.3;11.22
16224;Rest;30.369;0.150470114;15.65;12.63
16230;Rest;48.33;0.256743384;14.93;12.63
16232;Rest;16.478;0.073270703;17.15;12.63
16233;Rest;26.863;0.130070326;16.02;12.63
16239;Rest;28.86;0.131336209;16.98;12.63
16284;Sulawesi;7.216;0.027840545;18.55;6.58
16288;Sulawesi;2.338;0.011323116;14.43;6.58
16295;Sulawesi;1.189;0.004117898;17.28;6.58
16297;Sulawesi;2.069;0.016433179;9.7;6.58
16299;Sulawesi;1.498;0.006351265;15.03;6.58
16307;Sulawesi;3.83;0.022205261;12.76;6.58
16308;Sulawesi;4.873;0.04709548;8.64;6.58
16309;Sulawesi;4.138;0.025507704;12.27;6.58
16310;Sulawesi;19.87;0.165601747;10.19;6.58
16311;Sulawesi;9.368;0.057824189;12.69;6.58
16313;Sulawesi;7.214;0.052522888;10.83;6.58
16314;Sulawesi;0.769;0.003159041;12.85;6.58
16316;Sulawesi;0.739;0.002877154;12.46;6.58
16319;Sulawesi;10.103;0.094408739;9.13;6.58
16321;Sulawesi;31.761;0.266331256;10.29;6.58
16325;Sulawesi;3.619;0.019660615;13.5;6.58
16328;Sulawesi;7.449;0.045067598;13.12;6.58
16329;Sulawesi;1.962;0.010036421;13.89;6.58
16332;Sulawesi;8.036;0.051886888;12.21;6.58
16333;Sulawesi;4.118;0.030165336;10.68;6.58
16337;Sulawesi;19.609;0.159590412;10.47;6.58
16338;Sulawesi;30.9;0.324452824;8.58;6.58
16343;Sulawesi;4.49;0.040154384;9.06;6.58
16345;Sulawesi;1.614;0.016972854;7.13;6.58
16347;Sulawesi;3.212;0.04091885;6.84;6.58
16349;Sulawesi;6.316;0.042515602;11.45;6.58
16350;Sulawesi;30.759;0.230991737;11.18;6.58
16366;Sulawesi;4.287;0.053088026;7.18;6.58
16367;Sulawesi;3.013;0.018108486;12.48;6.58
16368;Sulawesi;9.944;0.064119153;12.13;6.58
16369;Sulawesi;1.366;0.004312843;19.95;6.58
16370;Sulawesi;20.773;0.175703254;10.06;6.58
16371;Sulawesi;7.128;0.050005793;11.19;6.58
16375;Sulawesi;27.347;0.28679882;8.6;6.58
16376;Sulawesi;10.915;0.093224182;9.84;6.58
16377;Sulawesi;2.072;0.021957774;7.87;6.58
16379;Sulawesi;12.214;0.146759331;7.71;6.58
16380;Sulawesi;8.546;0.063701189;10.83;6.58
16393;Sulawesi;6.551;0.043238124;12.01;6.58
16394;Sulawesi;16.439;0.096515644;13.45;6.58
16395;Sulawesi;35.417;0.201045068;14.07;6.58
16396;Sulawesi;27.597;0.233868291;10.08;6.58
16397;Sulawesi;1.915;0.013366143;9.79;6.58
16400;Sulawesi;1.439;0.005382638;16.54;6.58
16419;Sulawesi;2.396;0.010537725;15.34;6.58
16423;Sulawesi;5.576;0.024760862;16.82;6.58
16424;Sulawesi;7.93;0.049542564;12.62;6.58
16455;Sulawesi;1.551;0.005864404;16.41;6.58
16486;Sulawesi;1.548;0.004910014;19.1;6.58
16489;Sulawesi;8.9;0.039014059;17.11;6.58
16490;Sulawesi;21.273;0.095225458;17.13;6.58
16491;Sulawesi;3.018;0.012119945;17.61;6.58
16497;Sulawesi;4.912;0.031501733;12.2;6.58
16499;Sulawesi;6.004;0.027312016;16.41;6.58
16525;Sulawesi;47.684;0.282187081;13.63;6.58
16527;Sulawesi;26.361;0.138054994;15.11;6.58
16529;Sulawesi;1.707;0.007124269;14.79;6.58
16531;Sulawesi;60.471;0.302109488;15.8;6.58
16532;Sulawesi;2.544;0.01239716;14.32;6.58
16533;Sulawesi;7.121;0.026808479;19.25;6.58
16539;Sulawesi;12.289;0.069140345;14.03;6.58
16540;Sulawesi;46.965;0.213669948;17.12;6.58
16544;Sulawesi;1.758;0.006040863;17.91;6.58
16633;Sulawesi;8.339;0.035937361;17.48;11.22
16634;Sulawesi;4.523;0.016276236;20.21;11.22
16639;Sulawesi;6.231;0.056699032;9.1;6.58
16645;Sulawesi;2.673;0.016249135;12.08;6.58
16647;Sulawesi;4.367;0.027261771;12.28;6.58
16724;Sulawesi;8.919;0.04661236;14.71;11.42
16726;Sulawesi;4.769;0.021257961;16.39;11.42
16733;Sulawesi;8.74;0.06378009;11.15;7.48
16734;Sulawesi;10.989;0.053097305;15.69;7.48
16745;Sulawesi;8.089;0.043285184;14.41;11.42
16749;Sulawesi;2.519;0.012638347;14.03;11.42
16753;Sulawesi;4.213;0.02800568;11.32;11.42
16754;Sulawesi;23.03;0.139754332;13.18;11.42
16755;Sulawesi;0.819;0.002499053;16.79;11.42
16760;Sulawesi;16.537;0.0787744;16.15;7.48
16772;Sulawesi;0.903;0.004353398;11.95;11.42
16775;Sulawesi;3.822;0.018781033;14.65;11.42
16782;Sulawesi;7.437;0.058594714;10.49;11.42
16783;Sulawesi;29.341;0.192506031;12.41;11.42
16784;Sulawesi;1.121;0.00566338;12.64;11.42
16787;Sulawesi;10.313;0.06442027;12.84;11.42
16809;Sulawesi;9.786;0.065383408;11.95;11.42
16829;Sulawesi;14.037;0.080140045;13.77;7.48
16841;Sulawesi;7.964;0.038533908;15.71;11.42
16860;Sulawesi;21.681;0.129005957;13.52;7.48
16873;Sulawesi;0.796;0.004531725;9.61;11.42
16874;Sulawesi;44.977;0.290959225;12.59;11.42
16883;Sulawesi;1.945;0.00763386;16.74;11.42
16884;Sulawesi;1.487;0.006228555;14.83;11.42
16903;Sulawesi;12.291;0.075245909;13.06;11.42
16905;Sulawesi;4.859;0.036041656;10.66;11.42
16911;Sulawesi;23.717;0.141729746;13.38;7.48
16912;Sulawesi;23.632;0.153022696;12.49;7.48
16921;Sulawesi;8.687;0.062722354;11.26;11.42
16923;Sulawesi;3.658;0.018064124;14.61;11.42
16925;Sulawesi;5.547;0.026164911;15.78;11.42
16926;Sulawesi;3.062;0.011694463;18.43;11.42
16937;Sulawesi;0.904;0.00337821;14.81;7.48
16968;Sulawesi;0.881;0.004114826;12.65;11.42
16972;Sulawesi;2.276;0.008462939;18.36;11.42
17172;Sulawesi;0.847;0.002326782;18.49;7.27
17229;Rest;1.698;0.007659544;13.9;12.74
17238;Rest;2.127;0.014621594;10.82;11.22
17243;Rest;2.461;0.009187254;18.25;11.22
17253;Rest;18.166;0.121327292;12.2;11.22
17254;Rest;0.715;0.00180514;16.28;12.74
17255;Rest;2.995;0.019880832;11.47;11.22
17265;Rest;21.17;0.096712798;16.65;11.22
17266;Rest;1.232;0.005635734;13.47;11.22
17274;Rest;0.687;0.002052528;14.75;11.22
17277;Rest;1.892;0.007308663;17.22;11.22
17278;Rest;8.901;0.044052159;15.25;11.22
17281;Rest;1.374;0.006280003;14.39;12.74
17283;Rest;3.448;0.011561393;21.27;12.74
17308;Rest;2.225;0.01125585;14.16;11.22
17311;Rest;1.856;0.005925118;20.55;11.22
17317;Rest;1.595;0.005987363;16.58;12.74
17319;Rest;2.201;0.009440867;16.07;12.74
17320;Rest;7.719;0.045636559;13.11;11.22
17322;Rest;10.412;0.083652939;10.44;11.22
17326;Rest;0.785;0.002712462;14.59;11.22
17327;Rest;9.928;0.047510226;15.74;11.22
17329;Rest;2.36;0.012563494;13.49;11.22
17335;Rest;2.879;0.009971864;19.38;11.22
17336;Rest;18.686;0.086906597;16.49;11.22
17340;Rest;1.415;0.005009379;17.64;11.22
17341;Rest;1.371;0.006333756;14.15;11.22
17345;Rest;3.341;0.014267679;16.05;12.74
17346;Rest;1.893;0.009073901;14;12.74
17350;Rest;6.936;0.027239049;18.83;12.74
17418;Sulawesi;1.69;0.00538222;18.44;7.27
17423;Sulawesi;6.075;0.024733094;18.16;7.27
17424;Sulawesi;14.737;0.079810443;14.33;7.27
17425;Sulawesi;5.832;0.033388646;13.42;7.27
17427;Sulawesi;5.944;0.035103844;12.96;7.27
17443;Sulawesi;3.542;0.016253098;16.05;7.27
17447;Sulawesi;2.963;0.016206955;13.44;7.27
17465;Sulawesi;0.788;0.001948347;19.41;7.27
17471;Sulawesi;9.431;0.038368245;18.61;7.27
17480;Sulawesi;0.698;0.001517376;18.79;7.27
17481;Sulawesi;3.244;0.010951138;20.13;7.27
17485;Sulawesi;1.847;0.008320512;13.98;7.27
17522;Sulawesi;1.094;0.003354649;19.07;7.27
17523;Sulawesi;3.774;0.01502786;17.95;7.27
17591;Rest;2.301;0.018599288;9.71;14.19
17592;Rest;5.474;0.046733094;9.73;14.19
17597;Rest;6.319;0.063028081;8.38;14.19
17598;Rest;39.632;0.393605897;8.95;14.19
17620;Rest;0.903;0.00540177;10.11;14.19
17625;Rest;4.29;0.030283445;10.85;14.19
17636;Rest;8.108;0.044852435;13.86;12.74
17644;Rest;3.691;0.016991947;15.46;12.74
17648;Rest;6.67;0.032955777;15.32;12.74
17659;Rest;4.073;0.027883454;11.32;14.19
17662;Rest;2.91;0.010828044;18.34;14.19
17664;Rest;15.23;0.083948575;14.17;14.19
17672;Rest;0.734;0.001647421;19.66;12.74
17686;Rest;0.782;0.002633495;15;12.74
17688;Sulawesi;2.63;0.008424243;20.76;7.27
17689;Sulawesi;16.63;0.066393751;18.77;7.27
17755;Sulawesi;1.312;0.008280989;11.04;7.27
17756;Sulawesi;10.157;0.04760145;16.2;7.27
17757;Sulawesi;5.398;0.019897075;19.4;7.27
17759;Sulawesi;0.775;0.002851359;13.99;7.27
17768;Sulawesi;1.159;0.004819547;15.06;7.27
17769;Sulawesi;32.825;0.171263703;15.1;7.27
17770;Sulawesi;35.792;0.181668655;15.56;7.27
17771;Sulawesi;6.793;0.036464154;14.55;7.27
17827;Sulawesi;0.838;0.00244561;16.92;11.42
17832;Sulawesi;2.06;0.008560569;16.65;11.42
17853;Sulawesi;2.453;0.012254855;14.16;10.57
17855;Sulawesi;1.312;0.008564326;10.8;10.57
17857;Sulawesi;14.159;0.082345832;13.59;10.57
17860;Sulawesi;3.531;0.027653346;10.22;10.57
17861;Sulawesi;11.654;0.112428052;8.91;10.57
17864;Sulawesi;1.557;0.010669173;9.82;10.57
17866;Sulawesi;26.209;0.223407602;10.07;10.57
17885;Rest;10.778;0.058056346;14.3;14.19
17886;Rest;37.195;0.362949979;9.15;14.19
17888;Rest;17.026;0.17501635;8.69;14.19
17889;Rest;3.652;0.031040083;9.4;14.19
17891;Rest;49.845;0.437265994;9.87;14.19
17892;Rest;1.899;0.013999498;9.59;14.19
17895;Rest;65.932;0.517523317;10.89;14.19
17898;Rest;11.867;0.095143796;10.25;14.19
17900;Rest;4.698;0.037076087;10.17;14.19
17901;Rest;3.691;0.021001778;12.94;14.19
17902;Rest;5.276;0.041315984;10.09;14.19
17903;Rest;6.062;0.056919887;9.01;14.19
17908;Rest;4.501;0.026669407;13.2;14.19
17922;Rest;3.436;0.01628656;15.84;14.19
17934;Rest;3.869;0.021692751;13.1;14.19
17941;Rest;5.686;0.023252183;18.07;14.19
17948;Rest;53.113;0.530058193;8.97;14.19
17949;Rest;27.715;0.233898968;10.06;14.19
17950;Rest;10.937;0.079260006;11.16;14.19
17951;Rest;16.415;0.119434924;11.29;14.19
17952;Rest;3.447;0.031338039;9.19;14.19
17956;Rest;52.107;0.328367011;12.91;14.19
17957;Rest;1.67;0.007939393;13.29;14.19
17958;Rest;29.084;0.331228129;8.07;14.19
17971;Rest;39.248;0.271342357;11.93;14.19
17975;Rest;6.603;0.05292739;10.12;14.19
17989;Rest;2.7;0.012091844;15.73;14.19
17994;Rest;0.844;0.004900207;9.75;14.19
17995;Rest;10.816;0.136149996;7.42;14.19
17997;Rest;3.854;0.012632971;21.57;14.19
17998;Rest;5.203;0.04996344;8.61;14.19
17999;Rest;47.084;0.543161026;7.99;14.19
18000;Rest;16.696;0.222675819;7.24;14.19
18001;Rest;4.823;0.046539713;8.66;14.19
18002;Rest;43.904;0.483532464;8.34;14.19
18003;Rest;6.139;0.028105212;16.43;14.19
18009;Rest;3.646;0.031729317;9.24;14.19
18011;Rest;20.431;0.243259855;7.84;14.19
18013;Rest;4.674;0.019234952;17.72;14.19
18014;Rest;10.31;0.046255999;17.15;14.19
18017;Rest;1.249;0.003565984;20.04;14.19
18018;Rest;8.557;0.03621957;17.6;14.19
18021;Rest;2.981;0.025310071;9.47;14.19
18022;Rest;5.256;0.037845908;10.84;14.19
18025;Rest;7.071;0.052031466;10.91;14.19
18028;Rest;24.818;0.188323141;10.95;14.19
18029;Rest;36.877;0.281943441;10.98;14.19
18030;Rest;9.626;0.050824247;14.57;14.19
18031;Rest;4.463;0.024740102;13.25;14.19
18032;Rest;34.517;0.311470436;9.67;14.19
18034;Rest;20.325;0.1939093;9.15;14.19
18036;Rest;1.013;0.008458401;8.1;14.19
18037;Rest;8.164;0.070567211;9.72;14.19
18038;Rest;6.796;0.055689172;10.13;14.19
18040;Rest;1.695;0.014790199;8.37;14.19
18041;Rest;15.081;0.064717142;17.59;14.19
18044;Rest;17.369;0.133285075;10.82;14.19
18046;Rest;14.333;0.073573034;15.03;14.19
18067;Rest;5.704;0.02849415;15.14;14.19
18068;Rest;0.835;0.00273555;15.54;14.19
18069;Rest;4.384;0.030041347;11.31;14.19
18077;Rest;3.832;0.017649967;15.61;14.19
18092;Rest;46.313;0.251276377;14.65;14.19
18093;Rest;3.435;0.018206688;14.3;14.19
18095;Rest;8.624;0.072204409;9.87;14.19
18098;Rest;48.144;0.216597678;17.23;14.19
18102;Rest;31.971;0.15911371;15.72;14.19
18103;Rest;12.943;0.061273954;16.1;14.19
18114;Rest;10.128;0.086582465;9.86;14.19
18115;Rest;2.738;0.035913866;6.5;14.19
18119;Rest;19.541;0.105007988;14.81;14.19
18120;Rest;6.484;0.044151163;11.59;14.19
18121;Rest;2.546;0.013566609;13.18;14.19
18123;Rest;16.879;0.089306666;14.87;14.19
18124;Rest;73.978;0.54167269;11.43;14.19
18126;Rest;7.688;0.0610938;10.36;14.19
18128;Rest;1.001;0.007944085;8.51;14.19
18129;Rest;10.994;0.041513264;19.71;14.19
18131;Rest;9.578;0.059339151;12.8;14.19
18132;Rest;7.405;0.069394154;9.02;14.19
18133;Rest;60.544;0.493826304;10.48;14.19
18134;Rest;4.479;0.023013985;14.4;14.19
18136;Rest;3.217;0.016804971;13.76;14.19
18138;Rest;4.547;0.024112507;14.37;14.19
18139;Rest;4.208;0.026211845;11.99;14.19
18140;Rest;14.425;0.118861962;10.2;14.19
18141;Rest;2.235;0.01376903;12.09;14.19
18143;Rest;30.379;0.279402114;9.51;14.19
18145;Rest;7.432;0.064543043;9.7;14.19
18147;Rest;0.809;0.005001489;8.92;14.19
18148;Rest;73.454;0.89523283;7.73;14.19
18149;Rest;35.254;0.371490019;8.62;14.19
18150;Rest;31.687;0.162512314;15.46;14.19
18151;Rest;0.812;0.005100973;8.78;14.19
18152;Rest;3.446;0.033004653;8.85;14.19
18153;Rest;2.954;0.031232766;8.06;14.19
18155;Rest;1.025;0.008411103;8.31;14.19
18156;Rest;4.586;0.045183828;8.72;14.19
18256;Rest;0.98;0.003835006;13.61;11.42
18258;Rest;1.577;0.006016648;16.14;10.57
18285;Rest;0.765;0.002168032;17.66;10.57
18293;Rest;0.745;0.00218622;17.43;16.56
18294;Rest;0.887;0.003458082;14.56;10.57
18299;Rest;6.276;0.037693424;12.63;16.56
18300;Rest;1.514;0.008031547;12.46;16.56
18305;Rest;10.69;0.067678277;12.4;16.56
18339;Rest;4.835;0.031059293;11.89;15.09
18397;Rest;1.405;0.010048695;9.74;15.09
18403;Sulawesi;2.185;0.009809626;15.48;10.57
18406;Sulawesi;4.649;0.021934873;15.68;10.57
18410;Sulawesi;1.163;0.00366212;19.14;10.57
18412;Sulawesi;2.143;0.011148023;13.55;10.57
18442;Sulawesi;1.002;0.004722141;13.11;10.57
18452;Sulawesi;5.387;0.027808952;14.55;10.57
18463;Sulawesi;0.996;0.003583807;16.03;10.57
18471;Sulawesi;13.015;0.074467051;13.75;10.57
18481;Sulawesi;4.16;0.019559844;15.27;10.57
18482;Sulawesi;1.052;0.005897868;10.93;10.57
18486;Sulawesi;25.864;0.168805152;12.38;10.57
18487;Sulawesi;8.867;0.058119273;12.11;10.57
18491;Sulawesi;4.206;0.021275676;14.28;10.57
18495;Sulawesi;34.09;0.224753818;12.38;10.57
18502;Sulawesi;2.873;0.017988644;11.88;10.57
18503;Sulawesi;2.705;0.012739998;15.15;10.57
18510;Sulawesi;26.361;0.173931379;12.38;10.57
18525;Sulawesi;2.053;0.012274919;12.23;10.57
18535;Sulawesi;0.872;0.00451731;11.24;10.57
18536;Rest;1.157;0.004908079;14.94;15.09
18549;Rest;0.733;0.003440089;10.66;15.09
18550;Rest;4.381;0.029285621;11.54;15.09
18613;Sulawesi;3.025;0.01559912;14.3;10.57
18616;Sulawesi;0.875;0.003689612;13.79;10.57
18649;Rest;1.141;0.005502877;13.45;16.56
18654;Rest;10.577;0.066214077;12.7;16.56
18658;Rest;1.001;0.008778995;7.9;16.56
18699;Rest;1.473;0.009978711;10.05;16.56
18704;Rest;9.333;0.068800207;11.05;16.56
18706;Rest;13.504;0.073314977;14.52;16.56
18737;Rest;2.025;0.010024016;14.3;16.56
18741;Rest;3.382;0.020041351;13.08;16.56
18742;Rest;6.144;0.033194471;14.13;16.56
18746;Rest;1.123;0.005325429;13.31;16.56
18747;Rest;0.714;0.003047808;10.62;16.56
18748;Rest;2.343;0.013165184;12.92;16.56
18753;Rest;1.77;0.009732683;11.79;16.56
18777;Rest;1.858;0.012237154;10.61;16.56
18779;Rest;15.848;0.115334715;11.34;16.56
18782;Rest;2.587;0.010790111;16.64;16.56
18784;Rest;21.13;0.12941125;13.02;16.56
18797;Rest;2.555;0.01194748;14.8;16.56
18809;Rest;2.521;0.012996551;13.54;16.56
18814;Rest;33.344;0.18966589;14.02;16.56
18815;Rest;15.499;0.078930161;15.21;16.56
18820;Rest;1.871;0.009447556;13.71;16.56
18821;Rest;3.992;0.027337356;11.21;16.56
18835;Rest;5.197;0.028416151;13.53;16.56
18848;Rest;4.536;0.023260748;14.84;16.56
18852;Rest;4.937;0.025417435;14.57;16.56
18895;Rest;4.696;0.020922976;16.39;10.23
18901;Rest;2.07;0.012867411;11.77;10.23
18902;Rest;0.993;0.006203387;10.23;10.23
18903;Rest;2.469;0.009206756;18.26;10.23
18943;Rest;1.11;0.004141851;16.51;15.09
19063;Rest;1.575;0.006922512;14.21;15.09
19078;Rest;0.726;0.001728175;17.61;15.09
19087;Rest;0.675;0.001442885;18.59;15.09
19127;Rest;3.006;0.027758347;8.93;16.56
19130;Rest;3.305;0.021701582;11.3;16.56
19133;Rest;6.521;0.048364147;10.91;16.56
19134;Rest;5.38;0.037690853;10.97;16.56
19135;Rest;0.88;0.004944515;10.83;16.56
19136;Rest;0.866;0.00690789;8.03;16.56
19139;Rest;2.156;0.013153893;11.89;16.56
19140;Rest;3.836;0.023514508;12.25;16.56
19141;Rest;7.214;0.040466606;13.44;16.56
19142;Rest;4.286;0.02875744;11.38;16.56
19143;Rest;4.609;0.031657485;11.47;16.56
19144;Rest;1.565;0.004833874;19.32;16.56
19145;Rest;1.095;0.004189946;15.57;16.56
19147;Rest;11.703;0.072088261;12.69;16.56
19148;Rest;42.17;0.210324906;15.64;16.56
19152;Rest;51.526;0.311766388;13.36;16.56
19153;Rest;38.881;0.149890538;19.62;16.56
19156;Rest;0.701;0.00166056;17.21;16.56
19157;Rest;0.915;0.002755591;17.5;16.56
19161;Rest;12.989;0.084794457;12.35;16.56
19162;Rest;1.05;0.005703856;11.39;16.56
19164;Rest;1.698;0.004685104;20.76;16.56
19165;Rest;9.647;0.044596847;16.28;16.56
19166;Rest;1.415;0.003894573;21.6;16.56
19169;Rest;2.21;0.018835753;9.17;16.56
19172;Rest;6.358;0.048362342;10.49;16.56
19173;Rest;1.14;0.005940358;12.32;16.56
19177;Rest;5.42;0.031610313;13.27;16.56
19178;Rest;0.959;0.00610767;9.49;16.56
19179;Rest;33.384;0.169120846;15.53;16.56
19180;Rest;6.253;0.037678746;12.76;16.56
19181;Rest;3.27;0.02044894;11.84;16.56
19187;Rest;7.666;0.062284738;10.23;16.56
19189;Rest;1.186;0.005291092;13.79;16.56
19218;Rest;0.749;0.0020228;18.62;16.56
19303;Rest;7.893;0.039135432;15.36;10.23
19323;Rest;19.48;0.120444286;13.06;10.23
19324;Rest;15.648;0.076440573;15.67;10.23
19326;Rest;3.736;0.014722285;18.22;10.23
19327;Rest;12.675;0.089109356;11.49;10.23
19329;Rest;1.634;0.008969911;12.07;10.23
19332;Rest;9.002;0.078395106;9.71;10.23
19333;Rest;25.965;0.146808869;14.03;10.23
19334;Rest;83.533;0.513855144;13.21;10.23
19337;Rest;43.656;0.30800243;11.81;10.23
19340;Rest;32.397;0.180198731;14.34;10.23
19341;Rest;8.827;0.039516762;16.64;10.23
19342;Rest;31.109;0.21553293;11.88;10.23
19343;Rest;18.34;0.109367624;13.26;10.23
19344;Rest;5.825;0.031500959;13.95;10.23
19348;Rest;18.223;0.082655459;16.75;10.23
19353;Rest;1.735;0.005309143;19.49;10.23
19358;Rest;0.688;0.001797145;16.24;10.23
19368;Rest;0.898;0.002401822;19.72;10.23
19382;Rest;0.985;0.005299238;11.56;10.23
19400;Rest;0.997;0.003305511;17.16;10.23
19402;Rest;2.747;0.010738944;17.37;10.23
19447;Rest;1.665;0.008673673;12.45;10.23
19989;Rest;0.732;0.002420322;13.48;12.35
20063;Rest;0.75;0.001989817;18.92;12.35
20209;Rest;0.841;0.002442612;16.98;12.35
20283;Rest;0.862;0.003319995;14.68;10.23
20657;Rest;1.645;0.005693484;17.66;10.23
20889;Rest;0.735;0.002791568;12.89;10.23
21199;Rest;3.123;0.013873081;15.66;12.35
21200;Rest;17.687;0.159469688;9.62;12.35
21203;Rest;4.826;0.037260382;10.45;12.35
21204;Rest;1.569;0.008427967;12.01;12.35
21211;Rest;2.023;0.015846964;9.87;12.35
21212;Rest;48.373;0.460127765;9.27;12.35
21219;Rest;16.787;0.139816482;10.14;12.35
21220;Rest;14.885;0.129986195;9.89;12.35
21223;Rest;0.813;0.003382414;12.12;12.35
21224;Rest;5.017;0.030918327;12.42;12.35
21225;Rest;0.855;0.004585047;10.3;12.35
21226;Rest;1.006;0.006786022;9.75;12.35
21227;Rest;1.713;0.010106192;11.03;12.35
21228;Rest;1.435;0.009385325;10.26;12.35
21231;Rest;3.971;0.031671194;10.1;12.35
21234;Rest;0.684;0.00236807;13.01;12.35
21241;Rest;1.783;0.011704483;10.34;12.35
21242;Rest;27.523;0.14134207;15.19;12.35
21243;Rest;1.999;0.010323935;13.13;12.35
21244;Rest;2.583;0.015476428;11.9;12.35
21248;Rest;6.704;0.036544526;14.1;12.35
21249;Rest;3.442;0.021522029;12.38;12.35
21251;Rest;17.931;0.15713048;9.78;12.35
21252;Rest;15.169;0.131476357;9.88;12.35
21253;Rest;41.79;0.373558226;9.79;12.35
21254;Rest;5.948;0.047756071;10.13;12.35
21255;Rest;22.227;0.19310516;9.91;12.35
21256;Rest;1.521;0.004832009;19.36;12.35
21257;Rest;1.326;0.00796675;11.41;12.35
21258;Rest;39.299;0.176588693;17.15;12.35
21259;Rest;25.414;0.090886972;21.06;12.35
21263;Rest;1.557;0.006138602;15.54;12.35
21264;Rest;95.488;0.372395602;19.54;12.35
21266;Rest;9.019;0.029664109;22.22;12.35
21269;Rest;1.019;0.003949272;15.57;12.35
21270;Rest;15.167;0.070037072;16.56;12.35
21272;Rest;0.779;0.002393968;16.2;12.35
21273;Rest;2.839;0.01203306;16.17;12.35
21274;Rest;28.704;0.132202668;16.81;12.35
21275;Rest;15.234;0.060655443;18.92;12.35
21276;Rest;4.677;0.015676721;21.14;12.35
21278;Rest;10.668;0.042682504;18.46;12.35
21279;Rest;1.949;0.006808597;18.43;12.35
21281;Rest;2.173;0.007632934;19.08;12.35
21282;Rest;2.651;0.009490333;18.83;12.35
21283;Rest;11.43;0.050626392;17.05;12.35
21285;Rest;11.078;0.045599679;18.08;12.35
21312;Rest;39.153;0.149805;19.83;12.35
21313;Rest;27.425;0.097817003;21;12.35
21317;Rest;26.241;0.097328118;20.5;12.35
21318;Rest;13.82;0.051277798;19.83;12.35
21332;Rest;2.661;0.008193569;21.81;12.35
21430;Rest;1.014;0.004701502;13.1;12.35
21433;Rest;1.092;0.004952261;13.54;12.35
21434;Rest;2.297;0.007997082;19.73;12.35
21583;Rest;0.747;0.003660876;11.25;12.35
21590;Rest;1.301;0.00486236;16.58;12.35
21591;Rest;11.472;0.094994099;10.19;12.35
21595;Rest;1.143;0.007946664;10.01;12.35
21603;Rest;0.976;0.00475;11.53;12.35
21605;Rest;2.964;0.019102558;11.68;12.35
21606;Rest;2.032;0.008931295;15.63;12.35
21609;Rest;3.288;0.012537818;17.89;12.35
21610;Rest;3.269;0.012782303;17.59;12.35
21614;Rest;48.029;0.245099521;15.3;12.35
21616;Rest;12.05;0.05089796;17.88;12.35
21617;Rest;24.828;0.148771021;13.3;12.35
21619;Rest;40.165;0.178476286;17.26;12.35
21621;Rest;6.627;0.029039594;16.73;12.35
21623;Rest;2.245;0.01127395;14.17;12.35
21625;Rest;2.847;0.013100025;15.04;12.35
21632;Rest;1.201;0.012076984;7.34;12.35
21638;Rest;62.25;0.719116985;8.07;12.35
21640;Rest;4.931;0.027233223;13.74;12.35
21641;Rest;1.868;0.011427833;11.68;12.35
21642;Rest;1.142;0.007109699;10.9;12.35
21643;Rest;42.988;0.376656859;9.93;12.35
21644;Rest;1.621;0.011967608;9.5;12.35
21647;Rest;55.211;0.638456882;8.05;12.35
21648;Rest;68.519;0.599384682;9.97;12.35
21652;Rest;1.709;0.011487559;9.96;12.35
21653;Rest;1.003;0.00404998;14.8;12.35
21657;Rest;1.061;0.00294413;21.1;12.35
21659;Rest;0.906;0.002126806;21.92;12.35
21662;Rest;3.122;0.018153893;12.6;12.35
21666;Rest;0.693;0.00122481;22.22;12.35
21668;Rest;1.003;0.004325376;14.05;12.35
21682;Rest;23.208;0.089700118;19.5;12.35
21685;Rest;17.702;0.068208304;19.51;12.35
21686;Rest;7.932;0.031750594;18.45;12.35
21687;Rest;1.495;0.00397424;23.02;12.35
21689;Rest;8.196;0.03177604;18.68;12.35
21692;Rest;0.943;0.003355585;15.27;12.35
21696;Rest;4.682;0.026504173;13.32;12.35
21697;Rest;1.669;0.004302472;22.23;12.35
21705;Rest;17.041;0.097235993;13.82;12.35
21706;Rest;29.267;0.159868975;14.42;12.35
21707;Rest;76.419;0.410742943;14.76;12.35
21709;Rest;9.435;0.049199517;14.73;12.35
21710;Rest;27.678;0.146087831;14.83;12.35
21711;Rest;2.464;0.012292822;14.07;12.35
21712;Rest;38.206;0.20118351;14.96;12.35
21713;Rest;55.17;0.277427686;15.6;12.35
21715;Rest;3.854;0.01669125;16.37;12.35
21719;Rest;12.436;0.048478651;18.97;12.35
21720;Rest;5.272;0.017991343;20.63;12.35
21722;Rest;3.92;0.013230102;20.56;12.35
21723;Rest;3.774;0.011451883;23.18;12.35
21724;Rest;16.958;0.069983433;18.39;12.35
21728;Rest;4.32;0.01550876;19.29;12.35
21730;Rest;3.508;0.012761638;19.57;12.35
21741;Rest;4.626;0.014692196;22.39;12.35
21742;Rest;0.83;0.001976365;20.43;12.35
21744;Rest;15.629;0.050187116;22.73;12.35
21746;Rest;11.183;0.040377018;20.65;12.35
21755;Rest;1.074;0.002873081;21.59;12.35
21757;Rest;5.862;0.019009311;22.04;12.35
21758;Rest;6.426;0.021952254;20.43;12.35
21759;Rest;1.55;0.004312199;21.58;12.35
21764;Rest;3.415;0.013131248;18.54;12.35
21766;Rest;3.14;0.010760634;19.64;12.35
21768;Rest;15.05;0.062403713;18.24;12.35
21775;Rest;2.764;0.010597899;17.6;12.35
21776;Rest;24.076;0.087822331;20.71;12.35
21777;Rest;0.9;0.002379669;19.86;12.35
21778;Rest;8.147;0.025900597;22.32;12.35
21788;Rest;0.693;0.001294685;21.27;12.35
21790;Rest;1.825;0.006141711;18.2;12.35
21801;Rest;1.882;0.005819367;20.67;12.35
21803;Rest;2.273;0.007063668;21.2;12.35
21815;Rest;4.668;0.018083717;18.61;12.35
21820;Rest;1.766;0.004984002;21.3;12.35
21821;Rest;0.677;0.001278287;20.44;12.35
21822;Rest;3.713;0.012941565;19.72;12.35
21823;Rest;3.334;0.011343352;19.57;12.35
21849;Rest;3.318;0.010456459;21.06;12.35
21850;Rest;2.47;0.008161444;20.02;12.35
21916;Rest;11.111;0.046426722;18.05;12.35
21917;Rest;1.504;0.005747703;16.5;12.35
21923;Rest;10.442;0.034261469;22.36;12.35
21930;Rest;1.085;0.002778058;22.76;12.35
21951;Rest;0.782;0.001817045;20.66;12.35
21955;Rest;5.908;0.017852169;23.42;12.35
22851;Rest;2.414;0.010877332;15.13;12.35
