Index,Long,Lat
1,94.75,5.88
2,94.75,5.63
3,94.75,5.38
4,95,6.13
5,95,5.88
6,95,5.63
7,95,5.38
8,95,5.13
9,95,4.88
10,95,2.88
11,95.25,6.13
12,95.25,5.88
13,95.25,5.63
14,95.25,5.38
15,95.25,5.13
16,95.25,4.88
17,95.25,4.63
18,95.25,4.38
19,95.25,3.38
20,95.25,3.13
21,95.25,2.88
22,95.25,2.63
23,95.5,6.13
24,95.5,5.88
25,95.5,5.63
26,95.5,5.38
27,95.5,5.13
28,95.5,4.88
29,95.5,4.63
30,95.5,4.38
31,95.5,3.38
32,95.5,3.13
33,95.5,2.88
34,95.5,2.63
35,95.5,2.38
36,95.75,5.88
37,95.75,5.63
38,95.75,5.38
39,95.75,5.13
40,95.75,4.88
41,95.75,4.63
42,95.75,4.38
43,95.75,4.13
44,95.75,3.13
45,95.75,2.88
46,95.75,2.63
47,95.75,2.38
48,96,5.88
49,96,5.63
50,96,5.38
51,96,5.13
52,96,4.88
53,96,4.63
54,96,4.38
55,96,4.13
56,96,3.88
57,96,3.13
58,96,2.88
59,96,2.63
60,96,2.38
61,96,2.13
62,96.25,5.63
63,96.25,5.38
64,96.25,5.13
65,96.25,4.88
66,96.25,4.63
67,96.25,4.38
68,96.25,4.13
69,96.25,3.88
70,96.25,3.63
71,96.25,2.88
72,96.25,2.63
73,96.25,2.38
74,96.25,2.13
75,96.5,5.63
76,96.5,5.38
77,96.5,5.13
78,96.5,4.88
79,96.5,4.63
80,96.5,4.38
81,96.5,4.13
82,96.5,3.88
83,96.5,3.63
84,96.5,3.38
85,96.5,2.88
86,96.5,2.63
87,96.5,2.38
88,96.5,2.13
89,96.5,1.88
90,96.75,5.63
91,96.75,5.38
92,96.75,5.13
93,96.75,4.88
94,96.75,4.63
95,96.75,4.38
96,96.75,4.13
97,96.75,3.88
98,96.75,3.63
99,96.75,3.38
100,96.75,2.63
101,96.75,2.38
102,96.75,2.13
103,96.75,1.88
104,96.75,1.63
105,96.75,1.38
106,96.75,1.13
107,97,5.63
108,97,5.38
109,97,5.13
110,97,4.88
111,97,4.63
112,97,4.38
113,97,4.13
114,97,3.88
115,97,3.63
116,97,3.38
117,97,3.13
118,97,2.88
119,97,2.38
120,97,2.13
121,97,1.88
122,97,1.63
123,97,1.38
124,97,1.13
125,97,0.88
126,97,0.63
127,97.25,5.38
128,97.25,5.13
129,97.25,4.88
130,97.25,4.63
131,97.25,4.38
132,97.25,4.13
133,97.25,3.88
134,97.25,3.63
135,97.25,3.38
136,97.25,3.13
137,97.25,2.88
138,97.25,2.63
139,97.25,2.38
140,97.25,2.13
141,97.25,1.88
142,97.25,1.63
143,97.25,1.38
144,97.25,1.13
145,97.25,0.88
146,97.25,0.63
147,97.5,5.63
148,97.5,5.38
149,97.5,5.13
150,97.5,4.88
151,97.5,4.63
152,97.5,4.38
153,97.5,4.13
154,97.5,3.88
155,97.5,3.63
156,97.5,3.38
157,97.5,3.13
158,97.5,2.88
159,97.5,2.63
160,97.5,2.38
161,97.5,2.13
162,97.5,1.88
163,97.5,1.63
164,97.5,1.38
165,97.5,1.13
166,97.5,0.88
167,97.5,0.63
168,97.5,0.38
169,97.5,0.13
170,97.5,-0.12
171,97.75,5.38
172,97.75,5.13
173,97.75,4.88
174,97.75,4.63
175,97.75,4.38
176,97.75,4.13
177,97.75,3.88
178,97.75,3.63
179,97.75,3.38
180,97.75,3.13
181,97.75,2.88
182,97.75,2.63
183,97.75,2.38
184,97.75,2.13
185,97.75,1.88
186,97.75,1.63
187,97.75,1.38
188,97.75,1.13
189,97.75,0.88
190,97.75,0.63
191,97.75,0.38
192,97.75,0.13
193,97.75,-0.12
194,97.75,-0.37
195,98,5.13
196,98,4.88
197,98,4.63
198,98,4.38
199,98,4.13
200,98,3.88
201,98,3.63
202,98,3.38
203,98,3.13
204,98,2.88
205,98,2.63
206,98,2.38
207,98,2.13
208,98,1.88
209,98,1.38
210,98,1.13
211,98,0.88
212,98,0.63
213,98,0.38
214,98,0.13
215,98,-0.12
216,98,-0.37
217,98,-0.62
218,98.25,4.88
219,98.25,4.63
220,98.25,4.38
221,98.25,4.13
222,98.25,3.88
223,98.25,3.63
224,98.25,3.38
225,98.25,3.13
226,98.25,2.88
227,98.25,2.63
228,98.25,2.38
229,98.25,2.13
230,98.25,1.88
231,98.25,1.63
232,98.25,1.38
233,98.25,1.13
234,98.25,0.88
235,98.25,0.63
236,98.25,0.38
237,98.25,0.13
238,98.25,-0.12
239,98.25,-0.37
240,98.25,-0.62
241,98.25,-0.87
242,98.25,-1.12
243,98.25,-1.37
244,98.5,4.63
245,98.5,4.38
246,98.5,4.13
247,98.5,3.88
248,98.5,3.63
249,98.5,3.38
250,98.5,3.13
251,98.5,2.88
252,98.5,2.63
253,98.5,2.38
254,98.5,2.13
255,98.5,1.88
256,98.5,1.63
257,98.5,1.38
258,98.5,1.13
259,98.5,0.38
260,98.5,0.13
261,98.5,-0.12
262,98.5,-0.37
263,98.5,-0.62
264,98.5,-0.87
265,98.5,-1.12
266,98.5,-1.37
267,98.5,-1.62
268,98.75,4.13
269,98.75,3.88
270,98.75,3.63
271,98.75,3.38
272,98.75,3.13
273,98.75,2.88
274,98.75,2.63
275,98.75,2.38
276,98.75,2.13
277,98.75,1.88
278,98.75,1.63
279,98.75,1.38
280,98.75,1.13
281,98.75,0.88
282,98.75,0.63
283,98.75,0.38
284,98.75,0.13
285,98.75,-0.12
286,98.75,-0.37
287,98.75,-0.62
288,98.75,-0.87
289,98.75,-1.12
290,98.75,-1.37
291,98.75,-1.62
292,98.75,-1.87
293,99,4.13
294,99,3.88
295,99,3.63
296,99,3.38
297,99,3.13
298,99,2.88
299,99,2.63
300,99,2.38
301,99,2.13
302,99,1.88
303,99,1.63
304,99,1.38
305,99,1.13
306,99,0.88
307,99,0.63
308,99,0.38
309,99,0.13
310,99,-0.12
311,99,-0.62
312,99,-0.87
313,99,-1.12
314,99,-1.37
315,99,-1.62
316,99,-1.87
317,99,-2.12
318,99.25,3.88
319,99.25,3.63
320,99.25,3.38
321,99.25,3.13
322,99.25,2.88
323,99.25,2.63
324,99.25,2.38
325,99.25,2.13
326,99.25,1.88
327,99.25,1.63
328,99.25,1.38
329,99.25,1.13
330,99.25,0.88
331,99.25,0.63
332,99.25,0.38
333,99.25,0.13
334,99.25,-0.12
335,99.25,-0.87
336,99.25,-1.12
337,99.25,-1.37
338,99.25,-1.62
339,99.25,-1.87
340,99.25,-2.12
341,99.25,-2.37
342,99.5,3.63
343,99.5,3.38
344,99.5,3.13
345,99.5,2.88
346,99.5,2.63
347,99.5,2.38
348,99.5,2.13
349,99.5,1.88
350,99.5,1.63
351,99.5,1.38
352,99.5,1.13
353,99.5,0.88
354,99.5,0.63
355,99.5,0.38
356,99.5,0.13
357,99.5,-0.12
358,99.5,-0.37
359,99.5,-1.37
360,99.5,-1.62
361,99.5,-1.87
362,99.5,-2.12
363,99.5,-2.37
364,99.5,-2.62
365,99.75,3.63
366,99.75,3.38
367,99.75,3.13
368,99.75,2.88
369,99.75,2.63
370,99.75,2.38
371,99.75,2.13
372,99.75,1.88
373,99.75,1.63
374,99.75,1.38
375,99.75,1.13
376,99.75,0.88
377,99.75,0.63
378,99.75,0.38
379,99.75,0.13
380,99.75,-0.12
381,99.75,-0.37
382,99.75,-0.62
383,99.75,-1.62
384,99.75,-1.87
385,99.75,-2.12
386,99.75,-2.37
387,99.75,-2.62
388,99.75,-2.87
389,99.75,-3.12
390,100,3.38
391,100,3.13
392,100,2.88
393,100,2.63
394,100,2.38
395,100,2.13
396,100,1.88
397,100,1.63
398,100,1.38
399,100,1.13
400,100,0.88
401,100,0.63
402,100,0.38
403,100,0.13
404,100,-0.12
405,100,-0.37
406,100,-0.62
407,100,-0.87
408,100,-1.12
409,100,-1.37
410,100,-1.87
411,100,-2.12
412,100,-2.37
413,100,-2.62
414,100,-2.87
415,100,-3.12
416,100,-3.37
417,100.25,3.13
418,100.25,2.88
419,100.25,2.63
420,100.25,2.38
421,100.25,2.13
422,100.25,1.88
423,100.25,1.63
424,100.25,1.38
425,100.25,1.13
426,100.25,0.88
427,100.25,0.63
428,100.25,0.38
429,100.25,0.13
430,100.25,-0.12
431,100.25,-0.37
432,100.25,-0.62
433,100.25,-0.87
434,100.25,-1.12
435,100.25,-1.37
436,100.25,-1.62
437,100.25,-2.37
438,100.25,-2.62
439,100.25,-2.87
440,100.25,-3.12
441,100.25,-3.37
442,100.25,-3.62
443,100.5,2.88
444,100.5,2.63
445,100.5,2.38
446,100.5,2.13
447,100.5,1.88
448,100.5,1.63
449,100.5,1.38
450,100.5,1.13
451,100.5,0.88
452,100.5,0.63
453,100.5,0.38
454,100.5,0.13
455,100.5,-0.12
456,100.5,-0.37
457,100.5,-0.62
458,100.5,-0.87
459,100.5,-1.12
460,100.5,-1.37
461,100.5,-1.62
462,100.5,-1.87
463,100.5,-2.12
464,100.5,-2.37
465,100.5,-2.62
466,100.5,-2.87
467,100.5,-3.12
468,100.5,-3.37
469,100.5,-3.62
470,100.75,2.63
471,100.75,2.38
472,100.75,2.13
473,100.75,1.88
474,100.75,1.63
475,100.75,1.38
476,100.75,1.13
477,100.75,0.88
478,100.75,0.63
479,100.75,0.38
480,100.75,0.13
481,100.75,-0.12
482,100.75,-0.37
483,100.75,-0.62
484,100.75,-0.87
485,100.75,-1.12
486,100.75,-1.37
487,100.75,-1.62
488,100.75,-1.87
489,100.75,-2.12
490,100.75,-2.37
491,100.75,-2.62
492,100.75,-2.87
493,100.75,-3.12
494,100.75,-3.37
495,100.75,-3.62
496,100.75,-3.87
497,100.75,-4.12
498,101,2.63
499,101,2.38
500,101,2.13
501,101,1.88
502,101,1.63
503,101,1.38
504,101,1.13
505,101,0.88
506,101,0.63
507,101,0.38
508,101,0.13
509,101,-0.12
510,101,-0.37
511,101,-0.62
512,101,-0.87
513,101,-1.12
514,101,-1.37
515,101,-1.62
516,101,-1.87
517,101,-2.12
518,101,-2.37
519,101,-2.62
520,101,-2.87
521,101,-3.37
522,101,-3.62
523,101,-3.87
524,101,-4.12
525,101,-4.37
526,101.25,2.63
527,101.25,2.38
528,101.25,2.13
529,101.25,1.88
530,101.25,1.63
531,101.25,1.38
532,101.25,1.13
533,101.25,0.88
534,101.25,0.63
535,101.25,0.38
536,101.25,0.13
537,101.25,-0.12
538,101.25,-0.37
539,101.25,-0.62
540,101.25,-0.87
541,101.25,-1.12
542,101.25,-1.37
543,101.25,-1.62
544,101.25,-1.87
545,101.25,-2.12
546,101.25,-2.37
547,101.25,-2.62
548,101.25,-2.87
549,101.25,-3.12
550,101.25,-3.37
551,101.25,-3.87
552,101.25,-4.12
553,101.5,2.38
554,101.5,2.13
555,101.5,1.88
556,101.5,1.63
557,101.5,1.38
558,101.5,1.13
559,101.5,0.88
560,101.5,0.63
561,101.5,0.38
562,101.5,0.13
563,101.5,-0.12
564,101.5,-0.37
565,101.5,-0.62
566,101.5,-0.87
567,101.5,-1.12
568,101.5,-1.37
569,101.5,-1.62
570,101.5,-1.87
571,101.5,-2.12
572,101.5,-2.37
573,101.5,-2.62
574,101.5,-2.87
575,101.5,-3.12
576,101.5,-3.37
577,101.5,-3.62
578,101.75,2.38
579,101.75,2.13
580,101.75,1.88
581,101.75,1.63
582,101.75,1.38
583,101.75,1.13
584,101.75,0.88
585,101.75,0.63
586,101.75,0.38
587,101.75,0.13
588,101.75,-0.12
589,101.75,-0.37
590,101.75,-0.62
591,101.75,-0.87
592,101.75,-1.12
593,101.75,-1.37
594,101.75,-1.62
595,101.75,-1.87
596,101.75,-2.12
597,101.75,-2.37
598,101.75,-2.62
599,101.75,-2.87
600,101.75,-3.12
601,101.75,-3.37
602,101.75,-3.62
603,101.75,-5.12
604,101.75,-5.37
605,102,2.13
606,102,1.88
607,102,1.63
608,102,1.38
609,102,1.13
610,102,0.88
611,102,0.63
612,102,0.38
613,102,0.13
614,102,-0.12
615,102,-0.37
616,102,-0.62
617,102,-0.87
618,102,-1.12
619,102,-1.37
620,102,-1.62
621,102,-1.87
622,102,-2.12
623,102,-2.37
624,102,-2.62
625,102,-2.87
626,102,-3.12
627,102,-3.37
628,102,-3.62
629,102,-3.87
630,102,-4.12
631,102,-5.12
632,102,-5.37
633,102,-5.62
634,102.25,1.88
635,102.25,1.63
636,102.25,1.38
637,102.25,1.13
638,102.25,0.88
639,102.25,0.63
640,102.25,0.38
641,102.25,0.13
642,102.25,-0.12
643,102.25,-0.37
644,102.25,-0.62
645,102.25,-0.87
646,102.25,-1.12
647,102.25,-1.37
648,102.25,-1.62
649,102.25,-1.87
650,102.25,-2.12
651,102.25,-2.37
652,102.25,-2.62
653,102.25,-2.87
654,102.25,-3.12
655,102.25,-3.37
656,102.25,-3.62
657,102.25,-3.87
658,102.25,-4.12
659,102.25,-4.37
660,102.25,-5.12
661,102.25,-5.37
662,102.25,-5.62
663,102.25,-5.87
664,102.5,1.88
665,102.5,1.63
666,102.5,1.38
667,102.5,1.13
668,102.5,0.88
669,102.5,0.63
670,102.5,0.38
671,102.5,0.13
672,102.5,-0.12
673,102.5,-0.37
674,102.5,-0.62
675,102.5,-0.87
676,102.5,-1.12
677,102.5,-1.37
678,102.5,-1.62
679,102.5,-1.87
680,102.5,-2.12
681,102.5,-2.37
682,102.5,-2.62
683,102.5,-2.87
684,102.5,-3.12
685,102.5,-3.37
686,102.5,-3.62
687,102.5,-3.87
688,102.5,-4.12
689,102.5,-4.37
690,102.5,-4.62
691,102.5,-5.12
692,102.5,-5.37
693,102.5,-5.62
694,102.5,-5.87
695,102.75,1.63
696,102.75,1.38
697,102.75,1.13
698,102.75,0.88
699,102.75,0.63
700,102.75,0.38
701,102.75,0.13
702,102.75,-0.12
703,102.75,-0.37
704,102.75,-0.62
705,102.75,-0.87
706,102.75,-1.12
707,102.75,-1.37
708,102.75,-1.62
709,102.75,-1.87
710,102.75,-2.12
711,102.75,-2.37
712,102.75,-2.62
713,102.75,-2.87
714,102.75,-3.12
715,102.75,-3.37
716,102.75,-3.62
717,102.75,-3.87
718,102.75,-4.12
719,102.75,-4.37
720,102.75,-4.62
721,102.75,-5.37
722,102.75,-5.62
723,103,1.38
724,103,1.13
725,103,0.88
726,103,0.63
727,103,0.38
728,103,0.13
729,103,-0.12
730,103,-0.37
731,103,-0.62
732,103,-0.87
733,103,-1.12
734,103,-1.37
735,103,-1.62
736,103,-1.87
737,103,-2.12
738,103,-2.37
739,103,-2.62
740,103,-2.87
741,103,-3.12
742,103,-3.37
743,103,-3.62
744,103,-3.87
745,103,-4.12
746,103,-4.37
747,103,-4.62
748,103,-4.87
749,103.25,1.38
750,103.25,1.13
751,103.25,0.88
752,103.25,0.63
753,103.25,0.38
754,103.25,0.13
755,103.25,-0.12
756,103.25,-0.37
757,103.25,-0.62
758,103.25,-0.87
759,103.25,-1.12
760,103.25,-1.37
761,103.25,-1.62
762,103.25,-1.87
763,103.25,-2.12
764,103.25,-2.37
765,103.25,-2.62
766,103.25,-2.87
767,103.25,-3.12
768,103.25,-3.37
769,103.25,-3.62
770,103.25,-3.87
771,103.25,-4.12
772,103.25,-4.37
773,103.25,-4.62
774,103.25,-4.87
775,103.25,-5.12
776,103.5,1.38
777,103.5,1.13
778,103.5,0.88
779,103.5,0.63
780,103.5,0.38
781,103.5,0.13
782,103.5,-0.12
783,103.5,-0.37
784,103.5,-0.62
785,103.5,-0.87
786,103.5,-1.12
787,103.5,-1.37
788,103.5,-1.62
789,103.5,-1.87
790,103.5,-2.12
791,103.5,-2.37
792,103.5,-2.62
793,103.5,-2.87
794,103.5,-3.12
795,103.5,-3.37
796,103.5,-3.62
797,103.5,-3.87
798,103.5,-4.12
799,103.5,-4.37
800,103.5,-4.62
801,103.5,-4.87
802,103.5,-5.12
803,103.75,1.38
804,103.75,1.13
805,103.75,0.88
806,103.75,0.63
807,103.75,0.38
808,103.75,0.13
809,103.75,-0.12
810,103.75,-0.37
811,103.75,-0.62
812,103.75,-0.87
813,103.75,-1.12
814,103.75,-1.37
815,103.75,-1.62
816,103.75,-1.87
817,103.75,-2.12
818,103.75,-2.37
819,103.75,-2.62
820,103.75,-2.87
821,103.75,-3.12
822,103.75,-3.37
823,103.75,-3.62
824,103.75,-3.87
825,103.75,-4.12
826,103.75,-4.37
827,103.75,-4.62
828,103.75,-4.87
829,103.75,-5.12
830,103.75,-5.37
831,103.75,-5.62
832,104,1.38
833,104,1.13
834,104,0.88
835,104,0.63
836,104,0.38
837,104,0.13
838,104,-0.12
839,104,-0.37
840,104,-0.62
841,104,-0.87
842,104,-1.12
843,104,-1.37
844,104,-1.62
845,104,-1.87
846,104,-2.12
847,104,-2.37
848,104,-2.62
849,104,-2.87
850,104,-3.12
851,104,-3.37
852,104,-3.62
853,104,-3.87
854,104,-4.12
855,104,-4.37
856,104,-4.62
857,104,-4.87
858,104,-5.12
859,104,-5.37
860,104,-5.62
861,104,-5.87
862,104.25,1.38
863,104.25,1.13
864,104.25,0.88
865,104.25,0.63
866,104.25,0.38
867,104.25,0.13
868,104.25,-0.12
869,104.25,-0.37
870,104.25,-0.62
871,104.25,-0.87
872,104.25,-1.12
873,104.25,-1.37
874,104.25,-1.62
875,104.25,-1.87
876,104.25,-2.12
877,104.25,-2.37
878,104.25,-2.62
879,104.25,-2.87
880,104.25,-3.12
881,104.25,-3.37
882,104.25,-3.62
883,104.25,-3.87
884,104.25,-4.12
885,104.25,-4.37
886,104.25,-4.62
887,104.25,-4.87
888,104.25,-5.12
889,104.25,-5.37
890,104.25,-5.62
891,104.25,-5.87
892,104.25,-6.12
893,104.5,1.38
894,104.5,1.13
895,104.5,0.88
896,104.5,0.63
897,104.5,0.38
898,104.5,0.13
899,104.5,-0.12
900,104.5,-0.37
901,104.5,-0.62
902,104.5,-0.87
903,104.5,-1.12
904,104.5,-1.37
905,104.5,-1.62
906,104.5,-1.87
907,104.5,-2.12
908,104.5,-2.37
909,104.5,-2.62
910,104.5,-2.87
911,104.5,-3.12
912,104.5,-3.37
913,104.5,-3.62
914,104.5,-3.87
915,104.5,-4.12
916,104.5,-4.37
917,104.5,-4.62
918,104.5,-4.87
919,104.5,-5.12
920,104.5,-5.37
921,104.5,-5.62
922,104.5,-5.87
923,104.5,-6.12
924,104.75,1.38
925,104.75,1.13
926,104.75,0.88
927,104.75,0.63
928,104.75,0.38
929,104.75,0.13
930,104.75,-0.12
931,104.75,-0.37
932,104.75,-0.62
933,104.75,-0.87
934,104.75,-1.12
935,104.75,-1.37
936,104.75,-1.62
937,104.75,-1.87
938,104.75,-2.12
939,104.75,-2.37
940,104.75,-2.62
941,104.75,-2.87
942,104.75,-3.12
943,104.75,-3.37
944,104.75,-3.62
945,104.75,-3.87
946,104.75,-4.12
947,104.75,-4.37
948,104.75,-4.62
949,104.75,-4.87
950,104.75,-5.12
951,104.75,-5.37
952,104.75,-5.62
953,104.75,-5.87
954,104.75,-6.12
955,104.75,-6.62
956,105,1.38
957,105,1.13
958,105,0.88
959,105,0.63
960,105,0.38
961,105,0.13
962,105,-0.12
963,105,-0.37
964,105,-0.62
965,105,-0.87
966,105,-1.12
967,105,-1.37
968,105,-1.62
969,105,-1.87
970,105,-2.12
971,105,-2.37
972,105,-2.62
973,105,-2.87
974,105,-3.12
975,105,-3.37
976,105,-3.62
977,105,-3.87
978,105,-4.12
979,105,-4.37
980,105,-4.62
981,105,-4.87
982,105,-5.12
983,105,-5.37
984,105,-5.62
985,105,-5.87
986,105,-6.12
987,105,-6.37
988,105,-6.62
989,105,-6.87
990,105,-7.12
991,105.25,3.13
992,105.25,2.88
993,105.25,1.13
994,105.25,0.88
995,105.25,-0.12
996,105.25,-0.37
997,105.25,-0.62
998,105.25,-0.87
999,105.25,-1.12
1000,105.25,-1.37
1001,105.25,-1.62
1002,105.25,-1.87
1003,105.25,-2.12
1004,105.25,-2.37
1005,105.25,-2.62
1006,105.25,-2.87
1007,105.25,-3.12
1008,105.25,-3.37
1009,105.25,-3.62
1010,105.25,-3.87
1011,105.25,-4.12
1012,105.25,-4.37
1013,105.25,-4.62
1014,105.25,-4.87
1015,105.25,-5.12
1016,105.25,-5.37
1017,105.25,-5.62
1018,105.25,-5.87
1019,105.25,-6.12
1020,105.25,-6.37
1021,105.25,-6.62
1022,105.25,-6.87
1023,105.25,-7.12
1024,105.5,3.38
1025,105.5,3.13
1026,105.5,2.88
1027,105.5,2.63
1028,105.5,2.38
1029,105.5,-0.87
1030,105.5,-1.12
1031,105.5,-1.37
1032,105.5,-1.62
1033,105.5,-1.87
1034,105.5,-2.12
1035,105.5,-2.37
1036,105.5,-2.62
1037,105.5,-2.87
1038,105.5,-3.12
1039,105.5,-3.37
1040,105.5,-3.62
1041,105.5,-3.87
1042,105.5,-4.12
1043,105.5,-4.37
1044,105.5,-4.62
1045,105.5,-4.87
1046,105.5,-5.12
1047,105.5,-5.37
1048,105.5,-5.62
1049,105.5,-5.87
1050,105.5,-6.12
1051,105.5,-6.37
1052,105.5,-6.62
1053,105.5,-6.87
1054,105.5,-7.12
1055,105.5,-7.37
1056,105.75,3.38
1057,105.75,3.13
1058,105.75,2.88
1059,105.75,2.63
1060,105.75,2.38
1061,105.75,2.13
1062,105.75,-1.37
1063,105.75,-1.62
1064,105.75,-1.87
1065,105.75,-2.12
1066,105.75,-2.37
1067,105.75,-2.62
1068,105.75,-2.87
1069,105.75,-3.12
1070,105.75,-3.37
1071,105.75,-3.62
1072,105.75,-3.87
1073,105.75,-4.12
1074,105.75,-4.37
1075,105.75,-4.62
1076,105.75,-4.87
1077,105.75,-5.12
1078,105.75,-5.37
1079,105.75,-5.62
1080,105.75,-5.87
1081,105.75,-6.12
1082,105.75,-6.37
1083,105.75,-6.62
1084,105.75,-6.87
1085,105.75,-7.12
1086,105.75,-7.37
1087,106,3.63
1088,106,3.38
1089,106,3.13
1090,106,2.88
1091,106,2.63
1092,106,2.38
1093,106,2.13
1094,106,-1.12
1095,106,-1.37
1096,106,-1.62
1097,106,-1.87
1098,106,-2.12
1099,106,-2.37
1100,106,-2.62
1101,106,-2.87
1102,106,-3.12
1103,106,-3.37
1104,106,-3.62
1105,106,-3.87
1106,106,-4.12
1107,106,-4.37
1108,106,-4.62
1109,106,-4.87
1110,106,-5.12
1111,106,-5.37
1112,106,-5.62
1113,106,-5.87
1114,106,-6.12
1115,106,-6.37
1116,106,-6.62
1117,106,-6.87
1118,106,-7.12
1119,106,-7.37
1120,106.25,3.63
1121,106.25,3.38
1122,106.25,3.13
1123,106.25,2.88
1124,106.25,2.63
1125,106.25,2.38
1126,106.25,-1.37
1127,106.25,-1.62
1128,106.25,-1.87
1129,106.25,-2.12
1130,106.25,-2.37
1131,106.25,-2.62
1132,106.25,-2.87
1133,106.25,-3.12
1134,106.25,-3.37
1135,106.25,-3.62
1136,106.25,-3.87
1137,106.25,-4.12
1138,106.25,-4.37
1139,106.25,-4.62
1140,106.25,-4.87
1141,106.25,-5.12
1142,106.25,-5.37
1143,106.25,-5.62
1144,106.25,-5.87
1145,106.25,-6.12
1146,106.25,-6.37
1147,106.25,-6.62
1148,106.25,-6.87
1149,106.25,-7.12
1150,106.25,-7.37
1151,106.25,-7.62
1152,106.5,3.63
1153,106.5,3.38
1154,106.5,3.13
1155,106.5,2.88
1156,106.5,2.63
1157,106.5,2.38
1158,106.5,1.13
1159,106.5,-1.87
1160,106.5,-2.12
1161,106.5,-2.37
1162,106.5,-2.62
1163,106.5,-2.87
1164,106.5,-3.12
1165,106.5,-3.37
1166,106.5,-5.62
1167,106.5,-5.87
1168,106.5,-6.12
1169,106.5,-6.37
1170,106.5,-6.62
1171,106.5,-6.87
1172,106.5,-7.12
1173,106.5,-7.37
1174,106.5,-7.62
1175,106.75,3.63
1176,106.75,3.38
1177,106.75,3.13
1178,106.75,2.88
1179,106.75,1.38
1180,106.75,1.13
1181,106.75,0.88
1182,106.75,0.63
1183,106.75,0.38
1184,106.75,-2.37
1185,106.75,-2.62
1186,106.75,-2.87
1187,106.75,-3.12
1188,106.75,-3.37
1189,106.75,-5.62
1190,106.75,-5.87
1191,106.75,-6.12
1192,106.75,-6.37
1193,106.75,-6.62
1194,106.75,-6.87
1195,106.75,-7.12
1196,106.75,-7.37
1197,106.75,-7.62
1198,107,1.38
1199,107,1.13
1200,107,0.88
1201,107,0.63
1202,107,0.38
1203,107,0.13
1204,107,-0.12
1205,107,-2.12
1206,107,-2.37
1207,107,-2.62
1208,107,-2.87
1209,107,-3.12
1210,107,-3.37
1211,107,-5.62
1212,107,-5.87
1213,107,-6.12
1214,107,-6.37
1215,107,-6.62
1216,107,-6.87
1217,107,-7.12
1218,107,-7.37
1219,107,-7.62
1220,107.25,1.38
1221,107.25,1.13
1222,107.25,0.88
1223,107.25,0.63
1224,107.25,0.38
1225,107.25,0.13
1226,107.25,-0.12
1227,107.25,-2.12
1228,107.25,-2.37
1229,107.25,-2.62
1230,107.25,-2.87
1231,107.25,-3.12
1232,107.25,-3.37
1233,107.25,-5.62
1234,107.25,-5.87
1235,107.25,-6.12
1236,107.25,-6.37
1237,107.25,-6.62
1238,107.25,-6.87
1239,107.25,-7.12
1240,107.25,-7.37
1241,107.25,-7.62
1242,107.25,-7.87
1243,107.5,4.63
1244,107.5,4.38
1245,107.5,4.13
1246,107.5,3.88
1247,107.5,3.13
1248,107.5,2.88
1249,107.5,1.38
1250,107.5,1.13
1251,107.5,0.88
1252,107.5,0.63
1253,107.5,0.38
1254,107.5,0.13
1255,107.5,-0.12
1256,107.5,-2.37
1257,107.5,-2.62
1258,107.5,-2.87
1259,107.5,-3.12
1260,107.5,-3.37
1261,107.5,-3.62
1262,107.5,-5.62
1263,107.5,-5.87
1264,107.5,-6.12
1265,107.5,-6.37
1266,107.5,-6.62
1267,107.5,-6.87
1268,107.5,-7.12
1269,107.5,-7.37
1270,107.5,-7.62
1271,107.5,-7.87
1272,107.75,4.88
1273,107.75,4.63
1274,107.75,4.38
1275,107.75,4.13
1276,107.75,3.88
1277,107.75,3.63
1278,107.75,3.38
1279,107.75,3.13
1280,107.75,2.88
1281,107.75,2.63
1282,107.75,1.38
1283,107.75,1.13
1284,107.75,0.88
1285,107.75,0.63
1286,107.75,0.38
1287,107.75,0.13
1288,107.75,-2.37
1289,107.75,-2.62
1290,107.75,-2.87
1291,107.75,-3.12
1292,107.75,-3.37
1293,107.75,-3.62
1294,107.75,-5.87
1295,107.75,-6.12
1296,107.75,-6.37
1297,107.75,-6.62
1298,107.75,-6.87
1299,107.75,-7.12
1300,107.75,-7.37
1301,107.75,-7.62
1302,107.75,-7.87
1303,107.75,-8.12
1304,108,5.13
1305,108,4.88
1306,108,4.63
1307,108,4.38
1308,108,4.13
1309,108,3.88
1310,108,3.63
1311,108,3.38
1312,108,3.13
1313,108,2.88
1314,108,2.63
1315,108,0.63
1316,108,0.38
1317,108,0.13
1318,108,-0.12
1319,108,-2.37
1320,108,-2.62
1321,108,-2.87
1322,108,-3.12
1323,108,-3.37
1324,108,-3.62
1325,108,-5.87
1326,108,-6.12
1327,108,-6.37
1328,108,-6.62
1329,108,-6.87
1330,108,-7.12
1331,108,-7.37
1332,108,-7.62
1333,108,-7.87
1334,108,-8.12
1335,108.25,4.88
1336,108.25,4.63
1337,108.25,4.38
1338,108.25,4.13
1339,108.25,3.88
1340,108.25,3.63
1341,108.25,3.38
1342,108.25,2.88
1343,108.25,2.63
1344,108.25,0.38
1345,108.25,0.13
1346,108.25,-2.37
1347,108.25,-2.62
1348,108.25,-2.87
1349,108.25,-3.12
1350,108.25,-3.37
1351,108.25,-3.62
1352,108.25,-5.62
1353,108.25,-5.87
1354,108.25,-6.12
1355,108.25,-6.37
1356,108.25,-6.62
1357,108.25,-6.87
1358,108.25,-7.12
1359,108.25,-7.37
1360,108.25,-7.62
1361,108.25,-7.87
1362,108.25,-8.12
1363,108.5,4.38
1364,108.5,4.13
1365,108.5,3.88
1366,108.5,3.63
1367,108.5,3.38
1368,108.5,3.13
1369,108.5,2.88
1370,108.5,2.63
1371,108.5,2.38
1372,108.5,1.13
1373,108.5,0.88
1374,108.5,0.63
1375,108.5,0.38
1376,108.5,0.13
1377,108.5,-0.12
1378,108.5,-1.37
1379,108.5,-1.62
1380,108.5,-1.87
1381,108.5,-2.12
1382,108.5,-2.37
1383,108.5,-2.62
1384,108.5,-2.87
1385,108.5,-3.12
1386,108.5,-3.37
1387,108.5,-3.62
1388,108.5,-5.62
1389,108.5,-5.87
1390,108.5,-6.12
1391,108.5,-6.37
1392,108.5,-6.62
1393,108.5,-6.87
1394,108.5,-7.12
1395,108.5,-7.37
1396,108.5,-7.62
1397,108.5,-7.87
1398,108.5,-8.12
1399,108.75,4.13
1400,108.75,3.88
1401,108.75,3.63
1402,108.75,3.38
1403,108.75,3.13
1404,108.75,2.88
1405,108.75,2.63
1406,108.75,2.38
1407,108.75,2.13
1408,108.75,1.88
1409,108.75,1.63
1410,108.75,1.38
1411,108.75,1.13
1412,108.75,0.88
1413,108.75,0.63
1414,108.75,0.38
1415,108.75,0.13
1416,108.75,-0.12
1417,108.75,-0.37
1418,108.75,-0.62
1419,108.75,-1.37
1420,108.75,-1.62
1421,108.75,-1.87
1422,108.75,-2.12
1423,108.75,-2.37
1424,108.75,-2.62
1425,108.75,-2.87
1426,108.75,-3.12
1427,108.75,-3.37
1428,108.75,-5.87
1429,108.75,-6.37
1430,108.75,-6.62
1431,108.75,-6.87
1432,108.75,-7.12
1433,108.75,-7.37
1434,108.75,-7.62
1435,108.75,-7.87
1436,108.75,-8.12
1437,109,3.38
1438,109,3.13
1439,109,2.88
1440,109,2.63
1441,109,2.38
1442,109,2.13
1443,109,1.88
1444,109,1.63
1445,109,1.38
1446,109,1.13
1447,109,0.88
1448,109,0.63
1449,109,0.38
1450,109,0.13
1451,109,-0.12
1452,109,-0.37
1453,109,-0.62
1454,109,-0.87
1455,109,-1.12
1456,109,-1.37
1457,109,-1.62
1458,109,-1.87
1459,109,-2.37
1460,109,-2.62
1461,109,-2.87
1462,109,-6.37
1463,109,-6.62
1464,109,-6.87
1465,109,-7.12
1466,109,-7.37
1467,109,-7.62
1468,109,-7.87
1469,109,-8.12
1470,109.25,3.13
1471,109.25,2.88
1472,109.25,2.63
1473,109.25,2.38
1474,109.25,2.13
1475,109.25,1.88
1476,109.25,1.63
1477,109.25,1.38
1478,109.25,1.13
1479,109.25,0.88
1480,109.25,0.63
1481,109.25,0.38
1482,109.25,0.13
1483,109.25,-0.12
1484,109.25,-0.37
1485,109.25,-0.62
1486,109.25,-0.87
1487,109.25,-1.12
1488,109.25,-1.37
1489,109.25,-1.62
1490,109.25,-1.87
1491,109.25,-6.62
1492,109.25,-6.87
1493,109.25,-7.12
1494,109.25,-7.37
1495,109.25,-7.62
1496,109.25,-7.87
1497,109.25,-8.12
1498,109.5,2.63
1499,109.5,2.38
1500,109.5,2.13
1501,109.5,1.88
1502,109.5,1.63
1503,109.5,1.38
1504,109.5,1.13
1505,109.5,0.88
1506,109.5,0.63
1507,109.5,0.38
1508,109.5,0.13
1509,109.5,-0.12
1510,109.5,-0.37
1511,109.5,-0.62
1512,109.5,-0.87
1513,109.5,-1.12
1514,109.5,-1.37
1515,109.5,-1.62
1516,109.5,-1.87
1517,109.5,-6.62
1518,109.5,-6.87
1519,109.5,-7.12
1520,109.5,-7.37
1521,109.5,-7.62
1522,109.5,-7.87
1523,109.5,-8.12
1524,109.75,2.38
1525,109.75,2.13
1526,109.75,1.88
1527,109.75,1.63
1528,109.75,1.38
1529,109.75,1.13
1530,109.75,0.88
1531,109.75,0.63
1532,109.75,0.38
1533,109.75,0.13
1534,109.75,-0.12
1535,109.75,-0.37
1536,109.75,-0.62
1537,109.75,-0.87
1538,109.75,-1.12
1539,109.75,-1.37
1540,109.75,-1.62
1541,109.75,-1.87
1542,109.75,-2.12
1543,109.75,-2.37
1544,109.75,-2.62
1545,109.75,-2.87
1546,109.75,-6.62
1547,109.75,-6.87
1548,109.75,-7.12
1549,109.75,-7.37
1550,109.75,-7.62
1551,109.75,-7.87
1552,109.75,-8.12
1553,110,2.13
1554,110,1.88
1555,110,1.63
1556,110,1.38
1557,110,1.13
1558,110,0.88
1559,110,0.63
1560,110,0.38
1561,110,0.13
1562,110,-0.12
1563,110,-0.37
1564,110,-0.62
1565,110,-0.87
1566,110,-1.12
1567,110,-1.37
1568,110,-1.62
1569,110,-1.87
1570,110,-2.12
1571,110,-2.37
1572,110,-2.62
1573,110,-2.87
1574,110,-3.12
1575,110,-5.62
1576,110,-5.87
1577,110,-6.12
1578,110,-6.62
1579,110,-6.87
1580,110,-7.12
1581,110,-7.37
1582,110,-7.62
1583,110,-7.87
1584,110,-8.12
1585,110.25,1.63
1586,110.25,1.38
1587,110.25,1.13
1588,110.25,0.88
1589,110.25,0.63
1590,110.25,0.38
1591,110.25,0.13
1592,110.25,-0.12
1593,110.25,-0.37
1594,110.25,-0.62
1595,110.25,-0.87
1596,110.25,-1.12
1597,110.25,-1.37
1598,110.25,-1.62
1599,110.25,-1.87
1600,110.25,-2.12
1601,110.25,-2.37
1602,110.25,-2.62
1603,110.25,-2.87
1604,110.25,-3.12
1605,110.25,-3.37
1606,110.25,-5.37
1607,110.25,-5.62
1608,110.25,-5.87
1609,110.25,-6.12
1610,110.25,-6.62
1611,110.25,-6.87
1612,110.25,-7.12
1613,110.25,-7.37
1614,110.25,-7.62
1615,110.25,-7.87
1616,110.25,-8.12
1617,110.25,-8.37
1618,110.5,1.38
1619,110.5,1.13
1620,110.5,0.88
1621,110.5,0.63
1622,110.5,0.38
1623,110.5,0.13
1624,110.5,-0.12
1625,110.5,-0.37
1626,110.5,-0.62
1627,110.5,-0.87
1628,110.5,-1.12
1629,110.5,-1.37
1630,110.5,-1.62
1631,110.5,-1.87
1632,110.5,-2.12
1633,110.5,-2.37
1634,110.5,-2.62
1635,110.5,-2.87
1636,110.5,-3.12
1637,110.5,-3.37
1638,110.5,-5.37
1639,110.5,-5.62
1640,110.5,-5.87
1641,110.5,-6.12
1642,110.5,-6.37
1643,110.5,-6.62
1644,110.5,-6.87
1645,110.5,-7.12
1646,110.5,-7.37
1647,110.5,-7.62
1648,110.5,-7.87
1649,110.5,-8.12
1650,110.5,-8.37
1651,110.75,1.38
1652,110.75,1.13
1653,110.75,0.88
1654,110.75,0.63
1655,110.75,0.38
1656,110.75,0.13
1657,110.75,-0.12
1658,110.75,-0.37
1659,110.75,-0.62
1660,110.75,-0.87
1661,110.75,-1.12
1662,110.75,-1.37
1663,110.75,-1.62
1664,110.75,-1.87
1665,110.75,-2.12
1666,110.75,-2.37
1667,110.75,-2.62
1668,110.75,-2.87
1669,110.75,-3.12
1670,110.75,-3.37
1671,110.75,-5.62
1672,110.75,-5.87
1673,110.75,-6.12
1674,110.75,-6.37
1675,110.75,-6.62
1676,110.75,-6.87
1677,110.75,-7.12
1678,110.75,-7.37
1679,110.75,-7.62
1680,110.75,-7.87
1681,110.75,-8.12
1682,110.75,-8.37
1683,111,1.38
1684,111,1.13
1685,111,0.88
1686,111,0.63
1687,111,0.38
1688,111,0.13
1689,111,-0.12
1690,111,-0.37
1691,111,-0.62
1692,111,-0.87
1693,111,-1.12
1694,111,-1.37
1695,111,-1.62
1696,111,-1.87
1697,111,-2.12
1698,111,-2.37
1699,111,-2.62
1700,111,-2.87
1701,111,-3.12
1702,111,-3.37
1703,111,-5.87
1704,111,-6.12
1705,111,-6.37
1706,111,-6.62
1707,111,-6.87
1708,111,-7.12
1709,111,-7.37
1710,111,-7.62
1711,111,-7.87
1712,111,-8.12
1713,111,-8.37
1714,111,-8.62
1715,111.25,1.38
1716,111.25,1.13
1717,111.25,0.88
1718,111.25,0.63
1719,111.25,0.38
1720,111.25,0.13
1721,111.25,-0.12
1722,111.25,-0.37
1723,111.25,-0.62
1724,111.25,-0.87
1725,111.25,-1.12
1726,111.25,-1.37
1727,111.25,-1.62
1728,111.25,-1.87
1729,111.25,-2.12
1730,111.25,-2.37
1731,111.25,-2.62
1732,111.25,-2.87
1733,111.25,-3.12
1734,111.25,-3.37
1735,111.25,-6.12
1736,111.25,-6.37
1737,111.25,-6.62
1738,111.25,-6.87
1739,111.25,-7.12
1740,111.25,-7.37
1741,111.25,-7.62
1742,111.25,-7.87
1743,111.25,-8.12
1744,111.25,-8.37
1745,111.25,-8.62
1746,111.5,1.38
1747,111.5,1.13
1748,111.5,0.88
1749,111.5,0.63
1750,111.5,0.38
1751,111.5,0.13
1752,111.5,-0.12
1753,111.5,-0.37
1754,111.5,-0.62
1755,111.5,-0.87
1756,111.5,-1.12
1757,111.5,-1.37
1758,111.5,-1.62
1759,111.5,-1.87
1760,111.5,-2.12
1761,111.5,-2.37
1762,111.5,-2.62
1763,111.5,-2.87
1764,111.5,-3.12
1765,111.5,-3.37
1766,111.5,-3.62
1767,111.5,-6.37
1768,111.5,-6.62
1769,111.5,-6.87
1770,111.5,-7.12
1771,111.5,-7.37
1772,111.5,-7.62
1773,111.5,-7.87
1774,111.5,-8.12
1775,111.5,-8.37
1776,111.5,-8.62
1777,111.75,1.38
1778,111.75,1.13
1779,111.75,0.88
1780,111.75,0.63
1781,111.75,0.38
1782,111.75,0.13
1783,111.75,-0.12
1784,111.75,-0.37
1785,111.75,-0.62
1786,111.75,-0.87
1787,111.75,-1.12
1788,111.75,-1.37
1789,111.75,-1.62
1790,111.75,-1.87
1791,111.75,-2.12
1792,111.75,-2.37
1793,111.75,-2.62
1794,111.75,-2.87
1795,111.75,-3.12
1796,111.75,-3.37
1797,111.75,-3.62
1798,111.75,-3.87
1799,111.75,-6.37
1800,111.75,-6.62
1801,111.75,-6.87
1802,111.75,-7.12
1803,111.75,-7.37
1804,111.75,-7.62
1805,111.75,-7.87
1806,111.75,-8.12
1807,111.75,-8.37
1808,111.75,-8.62
1809,112,1.63
1810,112,1.38
1811,112,1.13
1812,112,0.88
1813,112,0.63
1814,112,0.38
1815,112,0.13
1816,112,-0.12
1817,112,-0.37
1818,112,-0.62
1819,112,-0.87
1820,112,-1.12
1821,112,-1.37
1822,112,-1.62
1823,112,-1.87
1824,112,-2.12
1825,112,-2.37
1826,112,-2.62
1827,112,-2.87
1828,112,-3.12
1829,112,-3.37
1830,112,-3.62
1831,112,-3.87
1832,112,-6.37
1833,112,-6.62
1834,112,-6.87
1835,112,-7.12
1836,112,-7.37
1837,112,-7.62
1838,112,-7.87
1839,112,-8.12
1840,112,-8.37
1841,112,-8.62
1842,112.25,1.88
1843,112.25,1.63
1844,112.25,1.38
1845,112.25,1.13
1846,112.25,0.88
1847,112.25,0.63
1848,112.25,0.38
1849,112.25,0.13
1850,112.25,-0.12
1851,112.25,-0.37
1852,112.25,-0.62
1853,112.25,-0.87
1854,112.25,-1.12
1855,112.25,-1.37
1856,112.25,-1.62
1857,112.25,-1.87
1858,112.25,-2.12
1859,112.25,-2.37
1860,112.25,-2.62
1861,112.25,-2.87
1862,112.25,-3.12
1863,112.25,-3.37
1864,112.25,-3.62
1865,112.25,-5.62
1866,112.25,-5.87
1867,112.25,-6.62
1868,112.25,-6.87
1869,112.25,-7.12
1870,112.25,-7.37
1871,112.25,-7.62
1872,112.25,-7.87
1873,112.25,-8.12
1874,112.25,-8.37
1875,112.25,-8.62
1876,112.5,1.88
1877,112.5,1.63
1878,112.5,1.38
1879,112.5,1.13
1880,112.5,0.88
1881,112.5,0.63
1882,112.5,0.38
1883,112.5,0.13
1884,112.5,-0.12
1885,112.5,-0.37
1886,112.5,-0.62
1887,112.5,-0.87
1888,112.5,-1.12
1889,112.5,-1.37
1890,112.5,-1.62
1891,112.5,-1.87
1892,112.5,-2.12
1893,112.5,-2.37
1894,112.5,-2.62
1895,112.5,-2.87
1896,112.5,-3.12
1897,112.5,-3.37
1898,112.5,-3.62
1899,112.5,-5.37
1900,112.5,-5.62
1901,112.5,-5.87
1902,112.5,-6.12
1903,112.5,-6.62
1904,112.5,-6.87
1905,112.5,-7.12
1906,112.5,-7.37
1907,112.5,-7.62
1908,112.5,-7.87
1909,112.5,-8.12
1910,112.5,-8.37
1911,112.5,-8.62
1912,112.75,1.88
1913,112.75,1.63
1914,112.75,1.38
1915,112.75,1.13
1916,112.75,0.88
1917,112.75,0.63
1918,112.75,0.38
1919,112.75,0.13
1920,112.75,-0.12
1921,112.75,-0.37
1922,112.75,-0.62
1923,112.75,-0.87
1924,112.75,-1.12
1925,112.75,-1.37
1926,112.75,-1.62
1927,112.75,-1.87
1928,112.75,-2.12
1929,112.75,-2.37
1930,112.75,-2.62
1931,112.75,-2.87
1932,112.75,-3.12
1933,112.75,-3.37
1934,112.75,-3.62
1935,112.75,-5.37
1936,112.75,-5.62
1937,112.75,-5.87
1938,112.75,-6.12
1939,112.75,-6.62
1940,112.75,-6.87
1941,112.75,-7.12
1942,112.75,-7.37
1943,112.75,-7.62
1944,112.75,-7.87
1945,112.75,-8.12
1946,112.75,-8.37
1947,112.75,-8.62
1948,113,1.88
1949,113,1.63
1950,113,1.38
1951,113,1.13
1952,113,0.88
1953,113,0.63
1954,113,0.38
1955,113,0.13
1956,113,-0.12
1957,113,-0.37
1958,113,-0.62
1959,113,-0.87
1960,113,-1.12
1961,113,-1.37
1962,113,-1.62
1963,113,-1.87
1964,113,-2.12
1965,113,-2.37
1966,113,-2.62
1967,113,-2.87
1968,113,-3.12
1969,113,-3.37
1970,113,-3.62
1971,113,-5.62
1972,113,-5.87
1973,113,-6.12
1974,113,-6.62
1975,113,-6.87
1976,113,-7.12
1977,113,-7.37
1978,113,-7.62
1979,113,-7.87
1980,113,-8.12
1981,113,-8.37
1982,113,-8.62
1983,113.25,1.88
1984,113.25,1.63
1985,113.25,1.38
1986,113.25,1.13
1987,113.25,0.88
1988,113.25,0.63
1989,113.25,0.38
1990,113.25,0.13
1991,113.25,-0.12
1992,113.25,-0.37
1993,113.25,-0.62
1994,113.25,-0.87
1995,113.25,-1.12
1996,113.25,-1.37
1997,113.25,-1.62
1998,113.25,-1.87
1999,113.25,-2.12
2000,113.25,-2.37
2001,113.25,-2.62
2002,113.25,-2.87
2003,113.25,-3.12
2004,113.25,-3.37
2005,113.25,-3.62
2006,113.25,-6.62
2007,113.25,-6.87
2008,113.25,-7.12
2009,113.25,-7.37
2010,113.25,-7.62
2011,113.25,-7.87
2012,113.25,-8.12
2013,113.25,-8.37
2014,113.25,-8.62
2015,113.25,-8.87
2016,113.5,1.63
2017,113.5,1.38
2018,113.5,1.13
2019,113.5,0.88
2020,113.5,0.63
2021,113.5,0.38
2022,113.5,0.13
2023,113.5,-0.12
2024,113.5,-0.37
2025,113.5,-0.62
2026,113.5,-0.87
2027,113.5,-1.12
2028,113.5,-1.37
2029,113.5,-1.62
2030,113.5,-1.87
2031,113.5,-2.12
2032,113.5,-2.37
2033,113.5,-2.62
2034,113.5,-2.87
2035,113.5,-3.12
2036,113.5,-3.37
2037,113.5,-3.62
2038,113.5,-6.62
2039,113.5,-6.87
2040,113.5,-7.12
2041,113.5,-7.37
2042,113.5,-7.62
2043,113.5,-7.87
2044,113.5,-8.12
2045,113.5,-8.37
2046,113.5,-8.62
2047,113.5,-8.87
2048,113.75,1.63
2049,113.75,1.38
2050,113.75,1.13
2051,113.75,0.88
2052,113.75,0.63
2053,113.75,0.38
2054,113.75,0.13
2055,113.75,-0.12
2056,113.75,-0.37
2057,113.75,-0.62
2058,113.75,-0.87
2059,113.75,-1.12
2060,113.75,-1.37
2061,113.75,-1.62
2062,113.75,-1.87
2063,113.75,-2.12
2064,113.75,-2.37
2065,113.75,-2.62
2066,113.75,-2.87
2067,113.75,-3.12
2068,113.75,-3.37
2069,113.75,-3.62
2070,113.75,-3.87
2071,113.75,-6.62
2072,113.75,-6.87
2073,113.75,-7.12
2074,113.75,-7.37
2075,113.75,-7.62
2076,113.75,-7.87
2077,113.75,-8.12
2078,113.75,-8.37
2079,113.75,-8.62
2080,113.75,-8.87
2081,114,1.63
2082,114,1.38
2083,114,1.13
2084,114,0.88
2085,114,0.63
2086,114,0.38
2087,114,0.13
2088,114,-0.12
2089,114,-0.37
2090,114,-0.62
2091,114,-0.87
2092,114,-1.12
2093,114,-1.37
2094,114,-1.62
2095,114,-1.87
2096,114,-2.12
2097,114,-2.37
2098,114,-2.62
2099,114,-2.87
2100,114,-3.12
2101,114,-3.37
2102,114,-3.62
2103,114,-5.62
2104,114,-6.62
2105,114,-6.87
2106,114,-7.12
2107,114,-7.37
2108,114,-7.62
2109,114,-7.87
2110,114,-8.12
2111,114,-8.37
2112,114,-8.62
2113,114,-8.87
2114,114.25,1.88
2115,114.25,1.63
2116,114.25,1.38
2117,114.25,1.13
2118,114.25,0.88
2119,114.25,0.63
2120,114.25,0.38
2121,114.25,0.13
2122,114.25,-0.12
2123,114.25,-0.37
2124,114.25,-0.62
2125,114.25,-0.87
2126,114.25,-1.12
2127,114.25,-1.37
2128,114.25,-1.62
2129,114.25,-1.87
2130,114.25,-2.12
2131,114.25,-2.37
2132,114.25,-2.62
2133,114.25,-2.87
2134,114.25,-3.12
2135,114.25,-3.37
2136,114.25,-3.62
2137,114.25,-3.87
2138,114.25,-4.12
2139,114.25,-4.87
2140,114.25,-5.12
2141,114.25,-5.37
2142,114.25,-5.62
2143,114.25,-5.87
2144,114.25,-6.62
2145,114.25,-6.87
2146,114.25,-7.12
2147,114.25,-7.37
2148,114.25,-7.62
2149,114.25,-7.87
2150,114.25,-8.12
2151,114.25,-8.37
2152,114.25,-8.62
2153,114.25,-8.87
2154,114.25,-9.12
2155,114.5,2.38
2156,114.5,2.13
2157,114.5,1.88
2158,114.5,1.63
2159,114.5,1.38
2160,114.5,1.13
2161,114.5,0.88
2162,114.5,0.63
2163,114.5,0.38
2164,114.5,0.13
2165,114.5,-0.12
2166,114.5,-0.37
2167,114.5,-0.62
2168,114.5,-0.87
2169,114.5,-1.12
2170,114.5,-1.37
2171,114.5,-1.62
2172,114.5,-1.87
2173,114.5,-2.12
2174,114.5,-2.37
2175,114.5,-2.62
2176,114.5,-2.87
2177,114.5,-3.12
2178,114.5,-3.37
2179,114.5,-3.62
2180,114.5,-3.87
2181,114.5,-4.12
2182,114.5,-4.37
2183,114.5,-4.87
2184,114.5,-5.12
2185,114.5,-5.37
2186,114.5,-5.62
2187,114.5,-5.87
2188,114.5,-6.62
2189,114.5,-6.87
2190,114.5,-7.12
2191,114.5,-7.37
2192,114.5,-7.62
2193,114.5,-7.87
2194,114.5,-8.12
2195,114.5,-8.37
2196,114.5,-8.62
2197,114.5,-8.87
2198,114.5,-9.12
2199,114.75,2.88
2200,114.75,2.63
2201,114.75,2.38
2202,114.75,2.13
2203,114.75,1.88
2204,114.75,1.63
2205,114.75,1.38
2206,114.75,1.13
2207,114.75,0.88
2208,114.75,0.63
2209,114.75,0.38
2210,114.75,0.13
2211,114.75,-0.12
2212,114.75,-0.37
2213,114.75,-0.62
2214,114.75,-0.87
2215,114.75,-1.12
2216,114.75,-1.37
2217,114.75,-1.62
2218,114.75,-1.87
2219,114.75,-2.12
2220,114.75,-2.37
2221,114.75,-2.62
2222,114.75,-2.87
2223,114.75,-3.12
2224,114.75,-3.37
2225,114.75,-3.62
2226,114.75,-3.87
2227,114.75,-4.12
2228,114.75,-4.37
2229,114.75,-4.87
2230,114.75,-5.12
2231,114.75,-5.37
2232,114.75,-5.62
2233,114.75,-6.87
2234,114.75,-7.12
2235,114.75,-7.37
2236,114.75,-7.62
2237,114.75,-7.87
2238,114.75,-8.12
2239,114.75,-8.37
2240,114.75,-8.62
2241,114.75,-8.87
2242,114.75,-9.12
2243,115,3.13
2244,115,2.88
2245,115,2.63
2246,115,2.38
2247,115,2.13
2248,115,1.88
2249,115,1.63
2250,115,1.38
2251,115,1.13
2252,115,0.88
2253,115,0.63
2254,115,0.38
2255,115,0.13
2256,115,-0.12
2257,115,-0.37
2258,115,-0.62
2259,115,-0.87
2260,115,-1.12
2261,115,-1.37
2262,115,-1.62
2263,115,-1.87
2264,115,-2.12
2265,115,-2.37
2266,115,-2.62
2267,115,-2.87
2268,115,-3.12
2269,115,-3.37
2270,115,-3.62
2271,115,-3.87
2272,115,-4.12
2273,115,-4.37
2274,115,-5.12
2275,115,-6.62
2276,115,-6.87
2277,115,-7.12
2278,115,-7.37
2279,115,-7.87
2280,115,-8.12
2281,115,-8.37
2282,115,-8.62
2283,115,-8.87
2284,115,-9.12
2285,115.25,4.13
2286,115.25,3.88
2287,115.25,3.63
2288,115.25,3.38
2289,115.25,3.13
2290,115.25,2.88
2291,115.25,2.63
2292,115.25,2.38
2293,115.25,2.13
2294,115.25,1.88
2295,115.25,1.63
2296,115.25,1.38
2297,115.25,1.13
2298,115.25,0.88
2299,115.25,0.63
2300,115.25,0.38
2301,115.25,0.13
2302,115.25,-0.12
2303,115.25,-0.37
2304,115.25,-0.62
2305,115.25,-0.87
2306,115.25,-1.12
2307,115.25,-1.37
2308,115.25,-1.62
2309,115.25,-1.87
2310,115.25,-2.12
2311,115.25,-2.37
2312,115.25,-2.62
2313,115.25,-2.87
2314,115.25,-3.12
2315,115.25,-3.37
2316,115.25,-3.62
2317,115.25,-3.87
2318,115.25,-4.12
2319,115.25,-4.87
2320,115.25,-6.62
2321,115.25,-6.87
2322,115.25,-7.12
2323,115.25,-7.37
2324,115.25,-7.87
2325,115.25,-8.12
2326,115.25,-8.37
2327,115.25,-8.62
2328,115.25,-8.87
2329,115.25,-9.12
2330,115.5,4.38
2331,115.5,4.13
2332,115.5,3.88
2333,115.5,3.63
2334,115.5,3.38
2335,115.5,3.13
2336,115.5,2.88
2337,115.5,2.63
2338,115.5,2.38
2339,115.5,2.13
2340,115.5,1.88
2341,115.5,1.63
2342,115.5,1.38
2343,115.5,1.13
2344,115.5,0.88
2345,115.5,0.63
2346,115.5,0.38
2347,115.5,0.13
2348,115.5,-0.12
2349,115.5,-0.37
2350,115.5,-0.62
2351,115.5,-0.87
2352,115.5,-1.12
2353,115.5,-1.37
2354,115.5,-1.62
2355,115.5,-1.87
2356,115.5,-2.12
2357,115.5,-2.37
2358,115.5,-2.62
2359,115.5,-2.87
2360,115.5,-3.12
2361,115.5,-3.37
2362,115.5,-3.62
2363,115.5,-3.87
2364,115.5,-4.12
2365,115.5,-4.37
2366,115.5,-4.62
2367,115.5,-4.87
2368,115.5,-5.12
2369,115.5,-6.62
2370,115.5,-6.87
2371,115.5,-7.12
2372,115.5,-7.37
2373,115.5,-7.87
2374,115.5,-8.12
2375,115.5,-8.37
2376,115.5,-8.62
2377,115.5,-8.87
2378,115.5,-9.12
2379,115.75,4.63
2380,115.75,4.38
2381,115.75,4.13
2382,115.75,3.88
2383,115.75,3.63
2384,115.75,3.38
2385,115.75,3.13
2386,115.75,2.88
2387,115.75,2.63
2388,115.75,2.38
2389,115.75,2.13
2390,115.75,1.88
2391,115.75,1.63
2392,115.75,1.38
2393,115.75,1.13
2394,115.75,0.88
2395,115.75,0.63
2396,115.75,0.38
2397,115.75,0.13
2398,115.75,-0.12
2399,115.75,-0.37
2400,115.75,-0.62
2401,115.75,-0.87
2402,115.75,-1.12
2403,115.75,-1.37
2404,115.75,-1.62
2405,115.75,-1.87
2406,115.75,-2.12
2407,115.75,-2.37
2408,115.75,-2.62
2409,115.75,-2.87
2410,115.75,-3.12
2411,115.75,-3.37
2412,115.75,-3.62
2413,115.75,-3.87
2414,115.75,-4.12
2415,115.75,-4.37
2416,115.75,-4.62
2417,115.75,-4.87
2418,115.75,-5.12
2419,115.75,-6.62
2420,115.75,-6.87
2421,115.75,-7.12
2422,115.75,-7.37
2423,115.75,-8.12
2424,115.75,-8.37
2425,115.75,-8.62
2426,115.75,-8.87
2427,115.75,-9.12
2428,116,4.63
2429,116,4.38
2430,116,4.13
2431,116,3.88
2432,116,3.63
2433,116,3.38
2434,116,3.13
2435,116,2.88
2436,116,2.63
2437,116,2.38
2438,116,2.13
2439,116,1.88
2440,116,1.63
2441,116,1.38
2442,116,1.13
2443,116,0.88
2444,116,0.63
2445,116,0.38
2446,116,0.13
2447,116,-0.12
2448,116,-0.37
2449,116,-0.62
2450,116,-0.87
2451,116,-1.12
2452,116,-1.37
2453,116,-1.62
2454,116,-1.87
2455,116,-2.12
2456,116,-2.37
2457,116,-2.62
2458,116,-2.87
2459,116,-3.12
2460,116,-3.37
2461,116,-3.62
2462,116,-3.87
2463,116,-4.12
2464,116,-4.37
2465,116,-4.62
2466,116,-4.87
2467,116,-5.12
2468,116,-6.62
2469,116,-6.87
2470,116,-7.12
2471,116,-7.37
2472,116,-8.12
2473,116,-8.37
2474,116,-8.62
2475,116,-8.87
2476,116,-9.12
2477,116.25,4.63
2478,116.25,4.38
2479,116.25,4.13
2480,116.25,3.88
2481,116.25,3.63
2482,116.25,3.38
2483,116.25,3.13
2484,116.25,2.88
2485,116.25,2.63
2486,116.25,2.38
2487,116.25,2.13
2488,116.25,1.88
2489,116.25,1.63
2490,116.25,1.38
2491,116.25,1.13
2492,116.25,0.88
2493,116.25,0.63
2494,116.25,0.38
2495,116.25,0.13
2496,116.25,-0.12
2497,116.25,-0.37
2498,116.25,-0.62
2499,116.25,-0.87
2500,116.25,-1.12
2501,116.25,-1.37
2502,116.25,-1.62
2503,116.25,-1.87
2504,116.25,-2.12
2505,116.25,-2.37
2506,116.25,-2.62
2507,116.25,-2.87
2508,116.25,-3.12
2509,116.25,-3.37
2510,116.25,-3.62
2511,116.25,-3.87
2512,116.25,-4.12
2513,116.25,-4.37
2514,116.25,-6.62
2515,116.25,-6.87
2516,116.25,-7.12
2517,116.25,-7.37
2518,116.25,-7.87
2519,116.25,-8.12
2520,116.25,-8.37
2521,116.25,-8.62
2522,116.25,-8.87
2523,116.25,-9.12
2524,116.5,4.63
2525,116.5,4.38
2526,116.5,4.13
2527,116.5,3.88
2528,116.5,3.63
2529,116.5,3.38
2530,116.5,3.13
2531,116.5,2.88
2532,116.5,2.63
2533,116.5,2.38
2534,116.5,2.13
2535,116.5,1.88
2536,116.5,1.63
2537,116.5,1.38
2538,116.5,1.13
2539,116.5,0.88
2540,116.5,0.63
2541,116.5,0.38
2542,116.5,0.13
2543,116.5,-0.12
2544,116.5,-0.37
2545,116.5,-0.62
2546,116.5,-0.87
2547,116.5,-1.12
2548,116.5,-1.37
2549,116.5,-1.62
2550,116.5,-1.87
2551,116.5,-2.12
2552,116.5,-2.37
2553,116.5,-2.62
2554,116.5,-2.87
2555,116.5,-3.12
2556,116.5,-3.37
2557,116.5,-3.62
2558,116.5,-3.87
2559,116.5,-4.12
2560,116.5,-4.37
2561,116.5,-6.62
2562,116.5,-6.87
2563,116.5,-7.12
2564,116.5,-7.87
2565,116.5,-8.12
2566,116.5,-8.37
2567,116.5,-8.62
2568,116.5,-8.87
2569,116.5,-9.12
2570,116.75,4.63
2571,116.75,4.38
2572,116.75,4.13
2573,116.75,3.88
2574,116.75,3.63
2575,116.75,3.38
2576,116.75,3.13
2577,116.75,2.88
2578,116.75,2.63
2579,116.75,2.38
2580,116.75,2.13
2581,116.75,1.88
2582,116.75,1.63
2583,116.75,1.38
2584,116.75,1.13
2585,116.75,0.88
2586,116.75,0.63
2587,116.75,0.38
2588,116.75,0.13
2589,116.75,-0.12
2590,116.75,-0.37
2591,116.75,-0.62
2592,116.75,-0.87
2593,116.75,-1.12
2594,116.75,-1.37
2595,116.75,-1.62
2596,116.75,-1.87
2597,116.75,-2.12
2598,116.75,-2.37
2599,116.75,-2.62
2600,116.75,-2.87
2601,116.75,-3.12
2602,116.75,-3.37
2603,116.75,-3.62
2604,116.75,-4.87
2605,116.75,-5.12
2606,116.75,-8.12
2607,116.75,-8.37
2608,116.75,-8.62
2609,116.75,-8.87
2610,116.75,-9.12
2611,116.75,-9.37
2612,117,4.63
2613,117,4.38
2614,117,4.13
2615,117,3.88
2616,117,3.63
2617,117,3.38
2618,117,3.13
2619,117,2.88
2620,117,2.63
2621,117,2.38
2622,117,2.13
2623,117,1.88
2624,117,1.63
2625,117,1.38
2626,117,1.13
2627,117,0.88
2628,117,0.63
2629,117,0.38
2630,117,0.13
2631,117,-0.12
2632,117,-0.37
2633,117,-0.62
2634,117,-0.87
2635,117,-1.12
2636,117,-1.37
2637,117,-1.62
2638,117,-4.87
2639,117,-5.12
2640,117,-5.37
2641,117,-7.37
2642,117,-7.62
2643,117,-8.12
2644,117,-8.37
2645,117,-8.62
2646,117,-8.87
2647,117,-9.12
2648,117,-9.37
2649,117.25,4.63
2650,117.25,4.38
2651,117.25,4.13
2652,117.25,3.88
2653,117.25,3.63
2654,117.25,3.38
2655,117.25,3.13
2656,117.25,2.88
2657,117.25,2.63
2658,117.25,2.38
2659,117.25,2.13
2660,117.25,1.88
2661,117.25,1.63
2662,117.25,1.38
2663,117.25,1.13
2664,117.25,0.88
2665,117.25,0.63
2666,117.25,0.38
2667,117.25,0.13
2668,117.25,-0.12
2669,117.25,-0.37
2670,117.25,-0.62
2671,117.25,-0.87
2672,117.25,-1.12
2673,117.25,-1.37
2674,117.25,-4.87
2675,117.25,-5.12
2676,117.25,-5.37
2677,117.25,-7.12
2678,117.25,-7.37
2679,117.25,-7.62
2680,117.25,-7.87
2681,117.25,-8.12
2682,117.25,-8.37
2683,117.25,-8.62
2684,117.25,-8.87
2685,117.25,-9.12
2686,117.25,-9.37
2687,117.5,4.63
2688,117.5,4.38
2689,117.5,4.13
2690,117.5,3.88
2691,117.5,3.63
2692,117.5,3.38
2693,117.5,3.13
2694,117.5,2.88
2695,117.5,2.63
2696,117.5,2.38
2697,117.5,2.13
2698,117.5,1.88
2699,117.5,1.63
2700,117.5,1.38
2701,117.5,1.13
2702,117.5,0.88
2703,117.5,0.63
2704,117.5,0.38
2705,117.5,0.13
2706,117.5,-0.12
2707,117.5,-0.37
2708,117.5,-0.62
2709,117.5,-0.87
2710,117.5,-1.12
2711,117.5,-4.87
2712,117.5,-5.12
2713,117.5,-5.37
2714,117.5,-7.12
2715,117.5,-7.37
2716,117.5,-7.62
2717,117.5,-7.87
2718,117.5,-8.12
2719,117.5,-8.37
2720,117.5,-8.62
2721,117.5,-8.87
2722,117.5,-9.12
2723,117.5,-9.37
2724,117.75,4.38
2725,117.75,4.13
2726,117.75,3.88
2727,117.75,3.63
2728,117.75,3.38
2729,117.75,3.13
2730,117.75,2.88
2731,117.75,2.63
2732,117.75,2.38
2733,117.75,2.13
2734,117.75,1.88
2735,117.75,1.63
2736,117.75,1.38
2737,117.75,1.13
2738,117.75,0.88
2739,117.75,0.63
2740,117.75,0.38
2741,117.75,0.13
2742,117.75,-0.12
2743,117.75,-0.37
2744,117.75,-0.62
2745,117.75,-0.87
2746,117.75,-1.12
2747,117.75,-4.87
2748,117.75,-5.12
2749,117.75,-5.37
2750,117.75,-5.62
2751,117.75,-7.12
2752,117.75,-7.37
2753,117.75,-7.62
2754,117.75,-7.87
2755,117.75,-8.12
2756,117.75,-8.37
2757,117.75,-8.62
2758,117.75,-8.87
2759,117.75,-9.12
2760,118,4.38
2761,118,4.13
2762,118,3.88
2763,118,3.63
2764,118,3.38
2765,118,3.13
2766,118,2.88
2767,118,2.63
2768,118,2.38
2769,118,2.13
2770,118,1.88
2771,118,1.63
2772,118,1.38
2773,118,1.13
2774,118,0.88
2775,118,0.63
2776,118,0.38
2777,118,-0.37
2778,118,-0.87
2779,118,-4.87
2780,118,-5.12
2781,118,-5.37
2782,118,-5.62
2783,118,-6.87
2784,118,-7.12
2785,118,-7.37
2786,118,-7.62
2787,118,-7.87
2788,118,-8.12
2789,118,-8.37
2790,118,-8.62
2791,118,-8.87
2792,118,-9.12
2793,118.25,4.13
2794,118.25,3.88
2795,118.25,3.38
2796,118.25,2.63
2797,118.25,2.38
2798,118.25,2.13
2799,118.25,1.88
2800,118.25,1.63
2801,118.25,1.38
2802,118.25,1.13
2803,118.25,0.88
2804,118.25,0.63
2805,118.25,-4.87
2806,118.25,-5.12
2807,118.25,-5.37
2808,118.25,-5.62
2809,118.25,-6.87
2810,118.25,-7.12
2811,118.25,-7.37
2812,118.25,-7.62
2813,118.25,-7.87
2814,118.25,-8.12
2815,118.25,-8.37
2816,118.25,-8.62
2817,118.25,-8.87
2818,118.25,-9.12
2819,118.5,2.63
2820,118.5,2.38
2821,118.5,2.13
2822,118.5,1.88
2823,118.5,1.63
2824,118.5,1.38
2825,118.5,1.13
2826,118.5,0.88
2827,118.5,0.63
2828,118.5,-2.62
2829,118.5,-2.87
2830,118.5,-3.12
2831,118.5,-3.37
2832,118.5,-5.12
2833,118.5,-5.37
2834,118.5,-5.62
2835,118.5,-5.87
2836,118.5,-6.37
2837,118.5,-6.62
2838,118.5,-6.87
2839,118.5,-7.12
2840,118.5,-7.37
2841,118.5,-7.87
2842,118.5,-8.12
2843,118.5,-8.37
2844,118.5,-8.62
2845,118.5,-8.87
2846,118.5,-9.12
2847,118.75,2.63
2848,118.75,2.38
2849,118.75,2.13
2850,118.75,1.88
2851,118.75,1.63
2852,118.75,1.38
2853,118.75,1.13
2854,118.75,0.88
2855,118.75,0.63
2856,118.75,-2.12
2857,118.75,-2.37
2858,118.75,-2.62
2859,118.75,-2.87
2860,118.75,-3.12
2861,118.75,-3.37
2862,118.75,-3.62
2863,118.75,-3.87
2864,118.75,-5.37
2865,118.75,-5.62
2866,118.75,-6.37
2867,118.75,-6.62
2868,118.75,-6.87
2869,118.75,-7.12
2870,118.75,-7.37
2871,118.75,-7.87
2872,118.75,-8.12
2873,118.75,-8.37
2874,118.75,-8.62
2875,118.75,-8.87
2876,118.75,-9.12
2877,118.75,-9.37
2878,118.75,-9.62
2879,118.75,-9.87
2880,119,2.38
2881,119,2.13
2882,119,1.38
2883,119,1.13
2884,119,0.88
2885,119,0.63
2886,119,-1.12
2887,119,-1.37
2888,119,-1.62
2889,119,-1.87
2890,119,-2.12
2891,119,-2.37
2892,119,-2.62
2893,119,-2.87
2894,119,-3.12
2895,119,-3.37
2896,119,-3.62
2897,119,-3.87
2898,119,-5.12
2899,119,-5.37
2900,119,-5.62
2901,119,-6.37
2902,119,-6.62
2903,119,-6.87
2904,119,-7.12
2905,119,-7.87
2906,119,-8.12
2907,119,-8.37
2908,119,-8.62
2909,119,-8.87
2910,119,-9.12
2911,119,-9.37
2912,119,-9.62
2913,119,-9.87
2914,119.25,1.13
2915,119.25,0.88
2916,119.25,0.13
2917,119.25,-0.12
2918,119.25,-0.62
2919,119.25,-0.87
2920,119.25,-1.12
2921,119.25,-1.37
2922,119.25,-1.62
2923,119.25,-1.87
2924,119.25,-2.12
2925,119.25,-2.37
2926,119.25,-2.62
2927,119.25,-2.87
2928,119.25,-3.12
2929,119.25,-3.37
2930,119.25,-3.62
2931,119.25,-3.87
2932,119.25,-4.12
2933,119.25,-4.37
2934,119.25,-4.62
2935,119.25,-4.87
2936,119.25,-5.12
2937,119.25,-5.37
2938,119.25,-5.62
2939,119.25,-5.87
2940,119.25,-6.62
2941,119.25,-6.87
2942,119.25,-7.12
2943,119.25,-7.87
2944,119.25,-8.12
2945,119.25,-8.37
2946,119.25,-8.62
2947,119.25,-8.87
2948,119.25,-9.12
2949,119.25,-9.37
2950,119.25,-9.62
2951,119.25,-9.87
2952,119.25,-10.12
2953,119.5,0.63
2954,119.5,0.38
2955,119.5,0.13
2956,119.5,-0.12
2957,119.5,-0.37
2958,119.5,-0.62
2959,119.5,-0.87
2960,119.5,-1.12
2961,119.5,-1.37
2962,119.5,-1.62
2963,119.5,-1.87
2964,119.5,-2.12
2965,119.5,-2.37
2966,119.5,-2.62
2967,119.5,-2.87
2968,119.5,-3.12
2969,119.5,-3.37
2970,119.5,-3.62
2971,119.5,-3.87
2972,119.5,-4.12
2973,119.5,-4.37
2974,119.5,-4.62
2975,119.5,-4.87
2976,119.5,-5.12
2977,119.5,-5.37
2978,119.5,-5.62
2979,119.5,-5.87
2980,119.5,-6.62
2981,119.5,-6.87
2982,119.5,-8.12
2983,119.5,-8.37
2984,119.5,-8.62
2985,119.5,-8.87
2986,119.5,-9.12
2987,119.5,-9.37
2988,119.5,-9.62
2989,119.5,-9.87
2990,119.5,-10.12
2991,119.75,0.88
2992,119.75,0.63
2993,119.75,0.38
2994,119.75,0.13
2995,119.75,-0.12
2996,119.75,-0.37
2997,119.75,-0.62
2998,119.75,-0.87
2999,119.75,-1.12
3000,119.75,-1.37
3001,119.75,-1.62
3002,119.75,-1.87
3003,119.75,-2.12
3004,119.75,-2.37
3005,119.75,-2.62
3006,119.75,-2.87
3007,119.75,-3.12
3008,119.75,-3.37
3009,119.75,-3.62
3010,119.75,-3.87
3011,119.75,-4.12
3012,119.75,-4.37
3013,119.75,-4.62
3014,119.75,-4.87
3015,119.75,-5.12
3016,119.75,-5.37
3017,119.75,-5.62
3018,119.75,-5.87
3019,119.75,-8.12
3020,119.75,-8.37
3021,119.75,-8.62
3022,119.75,-8.87
3023,119.75,-9.12
3024,119.75,-9.37
3025,119.75,-9.62
3026,119.75,-9.87
3027,119.75,-10.12
3028,119.75,-10.37
3029,120,1.13
3030,120,0.88
3031,120,0.63
3032,120,0.38
3033,120,0.13
3034,120,-0.12
3035,120,-0.37
3036,120,-0.62
3037,120,-0.87
3038,120,-1.12
3039,120,-1.37
3040,120,-1.62
3041,120,-1.87
3042,120,-2.12
3043,120,-2.37
3044,120,-2.62
3045,120,-2.87
3046,120,-3.12
3047,120,-3.37
3048,120,-3.62
3049,120,-3.87
3050,120,-4.12
3051,120,-4.37
3052,120,-4.62
3053,120,-4.87
3054,120,-5.12
3055,120,-5.37
3056,120,-5.62
3057,120,-5.87
3058,120,-6.12
3059,120,-8.12
3060,120,-8.37
3061,120,-8.62
3062,120,-8.87
3063,120,-9.12
3064,120,-9.37
3065,120,-9.62
3066,120,-9.87
3067,120,-10.12
3068,120,-10.37
3069,120,-10.62
3070,120.25,1.38
3071,120.25,1.13
3072,120.25,0.88
3073,120.25,0.63
3074,120.25,0.38
3075,120.25,0.13
3076,120.25,-0.12
3077,120.25,-0.37
3078,120.25,-0.62
3079,120.25,-0.87
3080,120.25,-1.12
3081,120.25,-1.37
3082,120.25,-1.62
3083,120.25,-1.87
3084,120.25,-2.12
3085,120.25,-2.37
3086,120.25,-2.62
3087,120.25,-2.87
3088,120.25,-3.12
3089,120.25,-3.37
3090,120.25,-3.62
3091,120.25,-3.87
3092,120.25,-4.12
3093,120.25,-4.37
3094,120.25,-4.62
3095,120.25,-4.87
3096,120.25,-5.12
3097,120.25,-5.37
3098,120.25,-5.62
3099,120.25,-5.87
3100,120.25,-6.12
3101,120.25,-6.37
3102,120.25,-6.62
3103,120.25,-6.87
3104,120.25,-7.12
3105,120.25,-8.12
3106,120.25,-8.37
3107,120.25,-8.62
3108,120.25,-8.87
3109,120.25,-9.12
3110,120.25,-9.37
3111,120.25,-9.62
3112,120.25,-9.87
3113,120.25,-10.12
3114,120.25,-10.37
3115,120.25,-10.62
3116,120.5,1.38
3117,120.5,1.13
3118,120.5,0.88
3119,120.5,0.63
3120,120.5,0.38
3121,120.5,0.13
3122,120.5,-0.62
3123,120.5,-0.87
3124,120.5,-1.12
3125,120.5,-1.37
3126,120.5,-1.62
3127,120.5,-1.87
3128,120.5,-2.12
3129,120.5,-2.37
3130,120.5,-2.62
3131,120.5,-2.87
3132,120.5,-3.12
3133,120.5,-3.37
3134,120.5,-3.62
3135,120.5,-3.87
3136,120.5,-4.12
3137,120.5,-4.37
3138,120.5,-4.62
3139,120.5,-4.87
3140,120.5,-5.12
3141,120.5,-5.37
3142,120.5,-5.62
3143,120.5,-5.87
3144,120.5,-6.12
3145,120.5,-6.37
3146,120.5,-6.62
3147,120.5,-6.87
3148,120.5,-7.12
3149,120.5,-7.37
3150,120.5,-7.87
3151,120.5,-8.12
3152,120.5,-8.37
3153,120.5,-8.62
3154,120.5,-8.87
3155,120.5,-9.12
3156,120.5,-9.37
3157,120.5,-9.62
3158,120.5,-9.87
3159,120.5,-10.12
3160,120.5,-10.37
3161,120.5,-10.62
3162,120.75,1.63
3163,120.75,1.38
3164,120.75,1.13
3165,120.75,0.88
3166,120.75,0.63
3167,120.75,0.38
3168,120.75,0.13
3169,120.75,-0.87
3170,120.75,-1.12
3171,120.75,-1.37
3172,120.75,-1.62
3173,120.75,-1.87
3174,120.75,-2.12
3175,120.75,-2.37
3176,120.75,-2.62
3177,120.75,-2.87
3178,120.75,-3.12
3179,120.75,-3.37
3180,120.75,-3.62
3181,120.75,-3.87
3182,120.75,-4.12
3183,120.75,-4.37
3184,120.75,-4.62
3185,120.75,-4.87
3186,120.75,-5.12
3187,120.75,-5.37
3188,120.75,-5.62
3189,120.75,-5.87
3190,120.75,-6.12
3191,120.75,-6.37
3192,120.75,-6.62
3193,120.75,-6.87
3194,120.75,-7.12
3195,120.75,-7.37
3196,120.75,-7.62
3197,120.75,-8.12
3198,120.75,-8.37
3199,120.75,-8.62
3200,120.75,-8.87
3201,120.75,-9.12
3202,120.75,-9.37
3203,120.75,-9.62
3204,120.75,-9.87
3205,120.75,-10.12
3206,120.75,-10.37
3207,120.75,-10.62
3208,121,1.63
3209,121,1.38
3210,121,1.13
3211,121,0.88
3212,121,0.63
3213,121,0.38
3214,121,0.13
3215,121,-0.87
3216,121,-1.12
3217,121,-1.37
3218,121,-1.62
3219,121,-1.87
3220,121,-2.12
3221,121,-2.37
3222,121,-2.62
3223,121,-2.87
3224,121,-3.12
3225,121,-3.37
3226,121,-3.62
3227,121,-3.87
3228,121,-4.12
3229,121,-6.12
3230,121,-6.37
3231,121,-6.62
3232,121,-6.87
3233,121,-7.12
3234,121,-7.37
3235,121,-7.62
3236,121,-8.12
3237,121,-8.37
3238,121,-8.62
3239,121,-8.87
3240,121,-9.12
3241,121,-9.62
3242,121,-9.87
3243,121,-10.12
3244,121,-10.37
3245,121,-10.62
3246,121,-10.87
3247,121,-11.12
3248,121.25,1.63
3249,121.25,1.38
3250,121.25,1.13
3251,121.25,0.88
3252,121.25,0.63
3253,121.25,0.38
3254,121.25,0.13
3255,121.25,-0.12
3256,121.25,-0.37
3257,121.25,-0.62
3258,121.25,-0.87
3259,121.25,-1.12
3260,121.25,-1.37
3261,121.25,-1.62
3262,121.25,-1.87
3263,121.25,-2.12
3264,121.25,-2.37
3265,121.25,-2.62
3266,121.25,-2.87
3267,121.25,-3.12
3268,121.25,-3.37
3269,121.25,-3.62
3270,121.25,-3.87
3271,121.25,-4.12
3272,121.25,-4.37
3273,121.25,-4.62
3274,121.25,-4.87
3275,121.25,-6.37
3276,121.25,-6.62
3277,121.25,-6.87
3278,121.25,-7.12
3279,121.25,-7.37
3280,121.25,-7.62
3281,121.25,-8.12
3282,121.25,-8.37
3283,121.25,-8.62
3284,121.25,-8.87
3285,121.25,-9.12
3286,121.25,-10.37
3287,121.25,-10.62
3288,121.25,-10.87
3289,121.25,-11.12
3290,121.5,1.63
3291,121.5,1.38
3292,121.5,1.13
3293,121.5,0.88
3294,121.5,0.63
3295,121.5,0.38
3296,121.5,0.13
3297,121.5,-0.12
3298,121.5,-0.37
3299,121.5,-0.62
3300,121.5,-0.87
3301,121.5,-1.12
3302,121.5,-1.37
3303,121.5,-1.62
3304,121.5,-1.87
3305,121.5,-2.12
3306,121.5,-2.37
3307,121.5,-2.62
3308,121.5,-2.87
3309,121.5,-3.12
3310,121.5,-3.37
3311,121.5,-3.62
3312,121.5,-3.87
3313,121.5,-4.12
3314,121.5,-4.37
3315,121.5,-4.62
3316,121.5,-4.87
3317,121.5,-5.12
3318,121.5,-5.37
3319,121.5,-5.62
3320,121.5,-7.12
3321,121.5,-7.37
3322,121.5,-7.62
3323,121.5,-8.12
3324,121.5,-8.37
3325,121.5,-8.62
3326,121.5,-8.87
3327,121.5,-9.12
3328,121.5,-10.37
3329,121.5,-10.62
3330,121.5,-10.87
3331,121.5,-11.12
3332,121.75,1.38
3333,121.75,1.13
3334,121.75,0.88
3335,121.75,0.63
3336,121.75,0.38
3337,121.75,0.13
3338,121.75,-0.12
3339,121.75,-0.37
3340,121.75,-0.62
3341,121.75,-0.87
3342,121.75,-1.12
3343,121.75,-1.37
3344,121.75,-1.62
3345,121.75,-1.87
3346,121.75,-2.12
3347,121.75,-2.37
3348,121.75,-2.62
3349,121.75,-2.87
3350,121.75,-3.12
3351,121.75,-3.37
3352,121.75,-3.62
3353,121.75,-3.87
3354,121.75,-4.12
3355,121.75,-4.37
3356,121.75,-4.62
3357,121.75,-4.87
3358,121.75,-5.12
3359,121.75,-5.37
3360,121.75,-5.62
3361,121.75,-6.87
3362,121.75,-7.12
3363,121.75,-7.37
3364,121.75,-7.62
3365,121.75,-7.87
3366,121.75,-8.12
3367,121.75,-8.37
3368,121.75,-8.62
3369,121.75,-8.87
3370,121.75,-9.12
3371,121.75,-10.12
3372,121.75,-10.37
3373,121.75,-10.62
3374,121.75,-10.87
3375,122,1.38
3376,122,1.13
3377,122,0.88
3378,122,0.63
3379,122,0.38
3380,122,0.13
3381,122,-0.12
3382,122,-0.37
3383,122,-0.62
3384,122,-0.87
3385,122,-1.12
3386,122,-1.37
3387,122,-1.62
3388,122,-1.87
3389,122,-2.12
3390,122,-2.37
3391,122,-2.62
3392,122,-2.87
3393,122,-3.12
3394,122,-3.37
3395,122,-3.62
3396,122,-3.87
3397,122,-4.12
3398,122,-4.37
3399,122,-4.62
3400,122,-4.87
3401,122,-5.12
3402,122,-5.37
3403,122,-5.62
3404,122,-5.87
3405,122,-7.12
3406,122,-7.37
3407,122,-7.62
3408,122,-7.87
3409,122,-8.12
3410,122,-8.37
3411,122,-8.62
3412,122,-8.87
3413,122,-9.12
3414,122,-10.12
3415,122,-10.37
3416,122,-10.62
3417,122,-10.87
3418,122.25,1.38
3419,122.25,1.13
3420,122.25,0.88
3421,122.25,0.63
3422,122.25,0.38
3423,122.25,0.13
3424,122.25,-0.12
3425,122.25,-0.37
3426,122.25,-0.62
3427,122.25,-0.87
3428,122.25,-1.12
3429,122.25,-1.37
3430,122.25,-1.62
3431,122.25,-1.87
3432,122.25,-2.37
3433,122.25,-2.62
3434,122.25,-2.87
3435,122.25,-3.12
3436,122.25,-3.37
3437,122.25,-3.62
3438,122.25,-3.87
3439,122.25,-4.12
3440,122.25,-4.37
3441,122.25,-4.62
3442,122.25,-4.87
3443,122.25,-5.12
3444,122.25,-5.37
3445,122.25,-5.62
3446,122.25,-5.87
3447,122.25,-7.87
3448,122.25,-8.12
3449,122.25,-8.37
3450,122.25,-8.62
3451,122.25,-8.87
3452,122.25,-9.12
3453,122.25,-10.37
3454,122.25,-10.62
3455,122.25,-10.87
3456,122.5,1.38
3457,122.5,1.13
3458,122.5,0.88
3459,122.5,0.63
3460,122.5,0.38
3461,122.5,0.13
3462,122.5,-0.12
3463,122.5,-0.37
3464,122.5,-0.62
3465,122.5,-0.87
3466,122.5,-1.12
3467,122.5,-1.37
3468,122.5,-1.62
3469,122.5,-1.87
3470,122.5,-2.62
3471,122.5,-2.87
3472,122.5,-3.12
3473,122.5,-3.37
3474,122.5,-3.62
3475,122.5,-3.87
3476,122.5,-4.12
3477,122.5,-4.37
3478,122.5,-4.62
3479,122.5,-4.87
3480,122.5,-5.12
3481,122.5,-5.37
3482,122.5,-5.62
3483,122.5,-5.87
3484,122.5,-6.12
3485,122.5,-6.37
3486,122.5,-7.87
3487,122.5,-8.12
3488,122.5,-8.37
3489,122.5,-8.62
3490,122.5,-8.87
3491,122.5,-9.12
3492,122.5,-10.62
3493,122.5,-10.87
3494,122.5,-11.12
3495,122.75,1.38
3496,122.75,1.13
3497,122.75,0.88
3498,122.75,0.63
3499,122.75,0.38
3500,122.75,0.13
3501,122.75,-0.12
3502,122.75,-0.37
3503,122.75,-0.62
3504,122.75,-0.87
3505,122.75,-1.12
3506,122.75,-1.37
3507,122.75,-1.62
3508,122.75,-1.87
3509,122.75,-2.12
3510,122.75,-2.87
3511,122.75,-3.12
3512,122.75,-3.37
3513,122.75,-3.62
3514,122.75,-3.87
3515,122.75,-4.12
3516,122.75,-4.37
3517,122.75,-4.62
3518,122.75,-4.87
3519,122.75,-5.12
3520,122.75,-5.37
3521,122.75,-5.62
3522,122.75,-5.87
3523,122.75,-6.12
3524,122.75,-6.37
3525,122.75,-7.87
3526,122.75,-8.12
3527,122.75,-8.37
3528,122.75,-8.62
3529,122.75,-8.87
3530,122.75,-10.37
3531,122.75,-10.62
3532,122.75,-10.87
3533,122.75,-11.12
3534,122.75,-11.37
3535,123,1.13
3536,123,0.88
3537,123,0.63
3538,123,0.38
3539,123,0.13
3540,123,-0.37
3541,123,-0.62
3542,123,-0.87
3543,123,-1.12
3544,123,-1.37
3545,123,-1.62
3546,123,-1.87
3547,123,-2.12
3548,123,-3.12
3549,123,-3.37
3550,123,-3.62
3551,123,-3.87
3552,123,-4.12
3553,123,-4.37
3554,123,-4.62
3555,123,-4.87
3556,123,-5.12
3557,123,-5.37
3558,123,-5.62
3559,123,-5.87
3560,123,-6.12
3561,123,-6.37
3562,123,-7.87
3563,123,-8.12
3564,123,-8.37
3565,123,-8.62
3566,123,-8.87
3567,123,-10.12
3568,123,-10.37
3569,123,-10.62
3570,123,-10.87
3571,123,-11.12
3572,123,-11.37
3573,123.25,1.13
3574,123.25,0.88
3575,123.25,0.63
3576,123.25,0.38
3577,123.25,0.13
3578,123.25,-0.37
3579,123.25,-0.62
3580,123.25,-0.87
3581,123.25,-1.12
3582,123.25,-1.37
3583,123.25,-1.62
3584,123.25,-1.87
3585,123.25,-2.12
3586,123.25,-2.37
3587,123.25,-3.12
3588,123.25,-3.37
3589,123.25,-3.62
3590,123.25,-3.87
3591,123.25,-4.12
3592,123.25,-4.37
3593,123.25,-4.62
3594,123.25,-4.87
3595,123.25,-5.12
3596,123.25,-5.37
3597,123.25,-5.62
3598,123.25,-7.62
3599,123.25,-7.87
3600,123.25,-8.12
3601,123.25,-8.37
3602,123.25,-8.62
3603,123.25,-8.87
3604,123.25,-9.87
3605,123.25,-10.12
3606,123.25,-10.37
3607,123.25,-10.62
3608,123.25,-10.87
3609,123.25,-11.12
3610,123.5,1.13
3611,123.5,0.88
3612,123.5,0.63
3613,123.5,0.38
3614,123.5,0.13
3615,123.5,-0.37
3616,123.5,-0.62
3617,123.5,-0.87
3618,123.5,-1.12
3619,123.5,-1.37
3620,123.5,-1.62
3621,123.5,-1.87
3622,123.5,-2.12
3623,123.5,-2.37
3624,123.5,-3.37
3625,123.5,-3.62
3626,123.5,-3.87
3627,123.5,-4.12
3628,123.5,-4.37
3629,123.5,-4.62
3630,123.5,-4.87
3631,123.5,-5.12
3632,123.5,-5.37
3633,123.5,-5.62
3634,123.5,-5.87
3635,123.5,-7.62
3636,123.5,-7.87
3637,123.5,-8.12
3638,123.5,-8.37
3639,123.5,-8.62
3640,123.5,-8.87
3641,123.5,-9.37
3642,123.5,-9.62
3643,123.5,-9.87
3644,123.5,-10.12
3645,123.5,-10.37
3646,123.5,-10.62
3647,123.5,-10.87
3648,123.5,-11.12
3649,123.75,1.13
3650,123.75,0.88
3651,123.75,0.63
3652,123.75,0.38
3653,123.75,0.13
3654,123.75,-0.62
3655,123.75,-0.87
3656,123.75,-1.12
3657,123.75,-1.37
3658,123.75,-1.62
3659,123.75,-1.87
3660,123.75,-2.12
3661,123.75,-2.37
3662,123.75,-5.12
3663,123.75,-5.37
3664,123.75,-5.62
3665,123.75,-5.87
3666,123.75,-6.12
3667,123.75,-7.62
3668,123.75,-7.87
3669,123.75,-8.12
3670,123.75,-8.37
3671,123.75,-8.62
3672,123.75,-8.87
3673,123.75,-9.12
3674,123.75,-9.37
3675,123.75,-9.62
3676,123.75,-9.87
3677,123.75,-10.12
3678,123.75,-10.37
3679,123.75,-10.62
3680,123.75,-10.87
3681,124,1.13
3682,124,0.88
3683,124,0.63
3684,124,0.38
3685,124,0.13
3686,124,-1.37
3687,124,-1.62
3688,124,-1.87
3689,124,-2.12
3690,124,-2.37
3691,124,-5.12
3692,124,-5.37
3693,124,-5.62
3694,124,-5.87
3695,124,-6.12
3696,124,-6.37
3697,124,-7.87
3698,124,-8.12
3699,124,-8.37
3700,124,-8.62
3701,124,-8.87
3702,124,-9.12
3703,124,-9.37
3704,124,-9.62
3705,124,-9.87
3706,124,-10.12
3707,124,-10.37
3708,124,-10.62
3709,124.25,1.63
3710,124.25,1.38
3711,124.25,1.13
3712,124.25,0.88
3713,124.25,0.63
3714,124.25,0.38
3715,124.25,0.13
3716,124.25,-1.37
3717,124.25,-1.62
3718,124.25,-1.87
3719,124.25,-2.12
3720,124.25,-2.37
3721,124.25,-5.12
3722,124.25,-5.37
3723,124.25,-5.62
3724,124.25,-5.87
3725,124.25,-6.12
3726,124.25,-6.37
3727,124.25,-7.87
3728,124.25,-8.12
3729,124.25,-8.37
3730,124.25,-8.62
3731,124.25,-8.87
3732,124.25,-9.12
3733,124.25,-9.37
3734,124.25,-9.62
3735,124.25,-9.87
3736,124.25,-10.12
3737,124.25,-10.37
3738,124.5,1.88
3739,124.5,1.63
3740,124.5,1.38
3741,124.5,1.13
3742,124.5,0.88
3743,124.5,0.63
3744,124.5,0.38
3745,124.5,0.13
3746,124.5,-1.37
3747,124.5,-1.62
3748,124.5,-1.87
3749,124.5,-2.12
3750,124.5,-2.37
3751,124.5,-5.12
3752,124.5,-5.37
3753,124.5,-5.62
3754,124.5,-5.87
3755,124.5,-6.12
3756,124.5,-6.37
3757,124.5,-7.87
3758,124.5,-8.12
3759,124.5,-8.37
3760,124.5,-8.62
3761,124.5,-8.87
3762,124.5,-9.12
3763,124.5,-9.37
3764,124.5,-9.62
3765,124.5,-9.87
3766,124.5,-10.12
3767,124.5,-10.37
3768,124.75,2.13
3769,124.75,1.88
3770,124.75,1.63
3771,124.75,1.38
3772,124.75,1.13
3773,124.75,0.88
3774,124.75,0.63
3775,124.75,0.38
3776,124.75,-1.37
3777,124.75,-1.62
3778,124.75,-1.87
3779,124.75,-2.12
3780,124.75,-2.37
3781,124.75,-5.37
3782,124.75,-5.87
3783,124.75,-6.12
3784,124.75,-6.37
3785,124.75,-7.87
3786,124.75,-8.12
3787,124.75,-8.37
3788,124.75,-8.62
3789,124.75,-8.87
3790,124.75,-9.12
3791,124.75,-9.37
3792,124.75,-9.62
3793,124.75,-9.87
3794,124.75,-10.12
3795,124.75,-10.37
3796,125,4.38
3797,125,4.13
3798,125,3.63
3799,125,2.88
3800,125,2.63
3801,125,2.38
3802,125,2.13
3803,125,1.88
3804,125,1.63
3805,125,1.38
3806,125,1.13
3807,125,0.88
3808,125,0.63
3809,125,-1.37
3810,125,-1.62
3811,125,-1.87
3812,125,-2.12
3813,125,-6.12
3814,125,-7.87
3815,125,-8.12
3816,125,-8.37
3817,125,-8.62
3818,125,-8.87
3819,125,-9.12
3820,125,-9.37
3821,125,-9.62
3822,125,-9.87
3823,125,-10.12
3824,125.25,4.88
3825,125.25,4.63
3826,125.25,4.38
3827,125.25,4.13
3828,125.25,3.88
3829,125.25,3.63
3830,125.25,3.38
3831,125.25,3.13
3832,125.25,2.88
3833,125.25,2.63
3834,125.25,2.38
3835,125.25,2.13
3836,125.25,1.88
3837,125.25,1.63
3838,125.25,1.38
3839,125.25,1.13
3840,125.25,0.88
3841,125.25,-1.37
3842,125.25,-1.62
3843,125.25,-1.87
3844,125.25,-2.12
3845,125.25,-7.87
3846,125.25,-8.12
3847,125.25,-8.37
3848,125.25,-8.62
3849,125.25,-8.87
3850,125.25,-9.12
3851,125.25,-9.37
3852,125.25,-9.62
3853,125.25,-9.87
3854,125.5,5.13
3855,125.5,4.88
3856,125.5,4.63
3857,125.5,4.38
3858,125.5,4.13
3859,125.5,3.88
3860,125.5,3.63
3861,125.5,3.38
3862,125.5,3.13
3863,125.5,2.88
3864,125.5,2.63
3865,125.5,2.38
3866,125.5,2.13
3867,125.5,1.88
3868,125.5,1.63
3869,125.5,1.38
3870,125.5,1.13
3871,125.5,-1.37
3872,125.5,-1.62
3873,125.5,-1.87
3874,125.5,-2.12
3875,125.5,-7.62
3876,125.5,-7.87
3877,125.5,-8.12
3878,125.5,-8.37
3879,125.5,-8.87
3880,125.5,-9.12
3881,125.5,-9.37
3882,125.75,4.88
3883,125.75,4.63
3884,125.75,4.13
3885,125.75,3.88
3886,125.75,3.63
3887,125.75,3.38
3888,125.75,3.13
3889,125.75,2.88
3890,125.75,2.63
3891,125.75,2.38
3892,125.75,2.13
3893,125.75,0.88
3894,125.75,-1.37
3895,125.75,-1.62
3896,125.75,-1.87
3897,125.75,-2.12
3898,125.75,-2.37
3899,125.75,-2.62
3900,125.75,-2.87
3901,125.75,-3.12
3902,125.75,-3.37
3903,125.75,-3.62
3904,125.75,-7.37
3905,125.75,-7.62
3906,125.75,-7.87
3907,125.75,-8.12
3908,125.75,-8.37
3909,126,3.88
3910,126,3.63
3911,126,3.38
3912,126,1.38
3913,126,1.13
3914,126,0.88
3915,126,0.63
3916,126,-1.62
3917,126,-1.87
3918,126,-2.12
3919,126,-2.37
3920,126,-2.62
3921,126,-2.87
3922,126,-3.12
3923,126,-3.37
3924,126,-3.62
3925,126,-3.87
3926,126,-7.37
3927,126,-7.62
3928,126,-7.87
3929,126,-8.12
3930,126.25,5.63
3931,126.25,5.38
3932,126.25,4.13
3933,126.25,3.88
3934,126.25,1.63
3935,126.25,1.38
3936,126.25,1.13
3937,126.25,0.88
3938,126.25,0.63
3939,126.25,-1.62
3940,126.25,-1.87
3941,126.25,-2.12
3942,126.25,-2.37
3943,126.25,-2.62
3944,126.25,-2.87
3945,126.25,-3.12
3946,126.25,-3.37
3947,126.25,-3.62
3948,126.25,-3.87
3949,126.25,-7.37
3950,126.25,-7.62
3951,126.25,-7.87
3952,126.25,-8.12
3953,126.5,5.88
3954,126.5,5.63
3955,126.5,5.38
3956,126.5,4.63
3957,126.5,4.38
3958,126.5,4.13
3959,126.5,3.88
3960,126.5,3.63
3961,126.5,1.63
3962,126.5,1.38
3963,126.5,1.13
3964,126.5,0.88
3965,126.5,-1.62
3966,126.5,-1.87
3967,126.5,-2.12
3968,126.5,-2.87
3969,126.5,-3.12
3970,126.5,-3.37
3971,126.5,-3.62
3972,126.5,-3.87
3973,126.5,-4.12
3974,126.5,-6.37
3975,126.5,-6.62
3976,126.5,-6.87
3977,126.5,-7.37
3978,126.5,-7.62
3979,126.5,-7.87
3980,126.5,-8.12
3981,126.5,-8.37
3982,126.75,5.88
3983,126.75,5.63
3984,126.75,5.38
3985,126.75,4.88
3986,126.75,4.63
3987,126.75,4.38
3988,126.75,4.13
3989,126.75,3.88
3990,126.75,3.63
3991,126.75,3.38
3992,126.75,1.38
3993,126.75,1.13
3994,126.75,0.13
3995,126.75,-0.12
3996,126.75,-0.37
3997,126.75,-0.62
3998,126.75,-1.62
3999,126.75,-1.87
4000,126.75,-2.12
4001,126.75,-2.87
4002,126.75,-3.12
4003,126.75,-3.37
4004,126.75,-3.62
4005,126.75,-3.87
4006,126.75,-4.12
4007,126.75,-6.37
4008,126.75,-6.62
4009,126.75,-6.87
4010,126.75,-7.37
4011,126.75,-7.62
4012,126.75,-7.87
4013,126.75,-8.12
4014,127,5.13
4015,127,4.88
4016,127,4.63
4017,127,4.38
4018,127,4.13
4019,127,3.88
4020,127,3.63
4021,127,3.38
4022,127,1.13
4023,127,0.88
4024,127,0.63
4025,127,0.38
4026,127,0.13
4027,127,-0.12
4028,127,-0.37
4029,127,-0.62
4030,127,-0.87
4031,127,-1.12
4032,127,-1.37
4033,127,-1.62
4034,127,-2.87
4035,127,-3.12
4036,127,-3.37
4037,127,-3.62
4038,127,-3.87
4039,127,-4.12
4040,127,-6.62
4041,127,-7.37
4042,127,-7.62
4043,127,-7.87
4044,127,-8.12
4045,127,-8.37
4046,127.25,5.13
4047,127.25,4.88
4048,127.25,4.63
4049,127.25,4.38
4050,127.25,4.13
4051,127.25,1.88
4052,127.25,1.63
4053,127.25,1.38
4054,127.25,1.13
4055,127.25,0.88
4056,127.25,0.63
4057,127.25,0.38
4058,127.25,0.13
4059,127.25,-0.12
4060,127.25,-0.37
4061,127.25,-0.62
4062,127.25,-0.87
4063,127.25,-1.12
4064,127.25,-1.37
4065,127.25,-1.62
4066,127.25,-1.87
4067,127.25,-2.87
4068,127.25,-3.12
4069,127.25,-3.37
4070,127.25,-3.62
4071,127.25,-3.87
4072,127.25,-4.12
4073,127.25,-5.37
4074,127.25,-5.62
4075,127.25,-7.12
4076,127.25,-7.37
4077,127.25,-7.62
4078,127.25,-7.87
4079,127.25,-8.12
4080,127.25,-8.37
4081,127.5,4.88
4082,127.5,4.63
4083,127.5,2.38
4084,127.5,2.13
4085,127.5,1.88
4086,127.5,1.63
4087,127.5,1.38
4088,127.5,1.13
4089,127.5,0.88
4090,127.5,0.63
4091,127.5,0.38
4092,127.5,0.13
4093,127.5,-0.12
4094,127.5,-0.37
4095,127.5,-0.62
4096,127.5,-0.87
4097,127.5,-1.12
4098,127.5,-1.37
4099,127.5,-1.62
4100,127.5,-1.87
4101,127.5,-2.12
4102,127.5,-2.87
4103,127.5,-3.12
4104,127.5,-3.37
4105,127.5,-3.62
4106,127.5,-3.87
4107,127.5,-4.12
4108,127.5,-5.12
4109,127.5,-5.37
4110,127.5,-5.62
4111,127.5,-5.87
4112,127.5,-7.12
4113,127.5,-7.37
4114,127.5,-7.62
4115,127.5,-7.87
4116,127.5,-8.12
4117,127.5,-8.37
4118,127.75,2.63
4119,127.75,2.38
4120,127.75,2.13
4121,127.75,1.88
4122,127.75,1.63
4123,127.75,1.38
4124,127.75,1.13
4125,127.75,0.88
4126,127.75,0.63
4127,127.75,0.38
4128,127.75,0.13
4129,127.75,-0.12
4130,127.75,-0.37
4131,127.75,-0.62
4132,127.75,-0.87
4133,127.75,-1.12
4134,127.75,-1.37
4135,127.75,-1.62
4136,127.75,-1.87
4137,127.75,-2.12
4138,127.75,-2.62
4139,127.75,-2.87
4140,127.75,-3.12
4141,127.75,-3.37
4142,127.75,-3.62
4143,127.75,-3.87
4144,127.75,-4.12
4145,127.75,-5.12
4146,127.75,-5.37
4147,127.75,-5.62
4148,127.75,-7.37
4149,127.75,-7.62
4150,127.75,-7.87
4151,127.75,-8.12
4152,127.75,-8.37
4153,127.75,-8.62
4154,128,2.63
4155,128,2.38
4156,128,2.13
4157,128,1.88
4158,128,1.63
4159,128,1.38
4160,128,1.13
4161,128,0.88
4162,128,0.63
4163,128,0.38
4164,128,0.13
4165,128,-0.12
4166,128,-0.37
4167,128,-0.62
4168,128,-0.87
4169,128,-1.12
4170,128,-1.37
4171,128,-1.62
4172,128,-1.87
4173,128,-2.12
4174,128,-2.62
4175,128,-2.87
4176,128,-3.12
4177,128,-3.37
4178,128,-3.62
4179,128,-3.87
4180,128,-4.12
4181,128,-5.12
4182,128,-5.37
4183,128,-5.62
4184,128,-7.62
4185,128,-7.87
4186,128,-8.12
4187,128,-8.37
4188,128,-8.62
4189,128.25,2.88
4190,128.25,2.63
4191,128.25,2.38
4192,128.25,2.13
4193,128.25,1.88
4194,128.25,1.63
4195,128.25,1.38
4196,128.25,1.13
4197,128.25,0.88
4198,128.25,0.63
4199,128.25,0.38
4200,128.25,0.13
4201,128.25,-0.12
4202,128.25,-0.37
4203,128.25,-0.62
4204,128.25,-0.87
4205,128.25,-1.12
4206,128.25,-1.37
4207,128.25,-1.62
4208,128.25,-1.87
4209,128.25,-2.62
4210,128.25,-2.87
4211,128.25,-3.12
4212,128.25,-3.37
4213,128.25,-3.62
4214,128.25,-3.87
4215,128.25,-4.12
4216,128.25,-6.87
4217,128.25,-7.12
4218,128.25,-7.37
4219,128.25,-7.62
4220,128.25,-7.87
4221,128.25,-8.12
4222,128.25,-8.37
4223,128.25,-8.62
4224,128.5,2.88
4225,128.5,2.63
4226,128.5,2.38
4227,128.5,2.13
4228,128.5,1.88
4229,128.5,1.63
4230,128.5,1.38
4231,128.5,1.13
4232,128.5,0.88
4233,128.5,0.63
4234,128.5,0.38
4235,128.5,0.13
4236,128.5,-0.37
4237,128.5,-0.62
4238,128.5,-0.87
4239,128.5,-1.12
4240,128.5,-1.37
4241,128.5,-1.62
4242,128.5,-1.87
4243,128.5,-2.62
4244,128.5,-2.87
4245,128.5,-3.12
4246,128.5,-3.37
4247,128.5,-3.62
4248,128.5,-3.87
4249,128.5,-6.87
4250,128.5,-7.12
4251,128.5,-7.37
4252,128.5,-7.62
4253,128.5,-7.87
4254,128.5,-8.12
4255,128.5,-8.37
4256,128.5,-8.62
4257,128.75,2.88
4258,128.75,2.63
4259,128.75,2.38
4260,128.75,2.13
4261,128.75,1.88
4262,128.75,1.63
4263,128.75,1.38
4264,128.75,1.13
4265,128.75,0.88
4266,128.75,0.63
4267,128.75,0.38
4268,128.75,0.13
4269,128.75,-0.12
4270,128.75,-0.37
4271,128.75,-0.62
4272,128.75,-0.87
4273,128.75,-1.12
4274,128.75,-1.37
4275,128.75,-1.62
4276,128.75,-1.87
4277,128.75,-2.62
4278,128.75,-2.87
4279,128.75,-3.12
4280,128.75,-3.37
4281,128.75,-3.62
4282,128.75,-3.87
4283,128.75,-6.87
4284,128.75,-7.12
4285,128.75,-7.37
4286,128.75,-7.62
4287,128.75,-7.87
4288,128.75,-8.12
4289,128.75,-8.37
4290,128.75,-8.62
4291,129,2.63
4292,129,2.38
4293,129,2.13
4294,129,1.63
4295,129,1.38
4296,129,1.13
4297,129,0.88
4298,129,0.63
4299,129,0.38
4300,129,0.13
4301,129,-0.12
4302,129,-0.62
4303,129,-1.12
4304,129,-1.37
4305,129,-1.62
4306,129,-2.37
4307,129,-2.62
4308,129,-2.87
4309,129,-3.12
4310,129,-3.37
4311,129,-3.62
4312,129,-3.87
4313,129,-6.62
4314,129,-6.87
4315,129,-7.12
4316,129,-7.37
4317,129,-7.87
4318,129,-8.12
4319,129,-8.37
4320,129,-8.62
4321,129.25,0.38
4322,129.25,0.13
4323,129.25,-0.12
4324,129.25,-0.37
4325,129.25,-0.87
4326,129.25,-1.12
4327,129.25,-1.37
4328,129.25,-1.62
4329,129.25,-1.87
4330,129.25,-2.62
4331,129.25,-2.87
4332,129.25,-3.12
4333,129.25,-3.37
4334,129.25,-3.62
4335,129.25,-6.62
4336,129.25,-6.87
4337,129.25,-7.12
4338,129.25,-7.37
4339,129.25,-7.62
4340,129.25,-7.87
4341,129.25,-8.12
4342,129.25,-8.37
4343,129.5,0.38
4344,129.5,0.13
4345,129.5,-0.12
4346,129.5,-0.37
4347,129.5,-0.62
4348,129.5,-0.87
4349,129.5,-1.12
4350,129.5,-1.37
4351,129.5,-1.62
4352,129.5,-1.87
4353,129.5,-2.12
4354,129.5,-2.62
4355,129.5,-2.87
4356,129.5,-3.12
4357,129.5,-3.37
4358,129.5,-3.62
4359,129.5,-3.87
4360,129.5,-4.37
4361,129.5,-4.62
4362,129.5,-4.87
4363,129.5,-6.37
4364,129.5,-6.62
4365,129.5,-6.87
4366,129.5,-7.12
4367,129.5,-7.37
4368,129.5,-7.62
4369,129.5,-7.87
4370,129.5,-8.12
4371,129.5,-8.37
4372,129.75,0.63
4373,129.75,0.38
4374,129.75,0.13
4375,129.75,-0.12
4376,129.75,-0.37
4377,129.75,-0.62
4378,129.75,-0.87
4379,129.75,-1.12
4380,129.75,-1.37
4381,129.75,-1.62
4382,129.75,-1.87
4383,129.75,-2.12
4384,129.75,-2.62
4385,129.75,-2.87
4386,129.75,-3.12
4387,129.75,-3.37
4388,129.75,-3.62
4389,129.75,-4.12
4390,129.75,-4.37
4391,129.75,-4.62
4392,129.75,-4.87
4393,129.75,-6.12
4394,129.75,-6.37
4395,129.75,-6.62
4396,129.75,-6.87
4397,129.75,-7.37
4398,129.75,-7.62
4399,129.75,-7.87
4400,129.75,-8.12
4401,129.75,-8.37
4402,130,0.63
4403,130,0.38
4404,130,0.13
4405,130,-0.12
4406,130,-0.37
4407,130,-0.62
4408,130,-0.87
4409,130,-1.12
4410,130,-1.37
4411,130,-1.62
4412,130,-1.87
4413,130,-2.12
4414,130,-2.37
4415,130,-2.62
4416,130,-2.87
4417,130,-3.12
4418,130,-3.37
4419,130,-3.62
4420,130,-3.87
4421,130,-4.12
4422,130,-4.37
4423,130,-4.62
4424,130,-4.87
4425,130,-5.37
4426,130,-5.62
4427,130,-6.12
4428,130,-6.37
4429,130,-6.62
4430,130,-7.37
4431,130,-7.62
4432,130,-7.87
4433,130,-8.12
4434,130,-8.37
4435,130.25,0.38
4436,130.25,0.13
4437,130.25,-0.12
4438,130.25,-0.37
4439,130.25,-0.62
4440,130.25,-0.87
4441,130.25,-1.12
4442,130.25,-1.37
4443,130.25,-1.62
4444,130.25,-1.87
4445,130.25,-2.12
4446,130.25,-2.37
4447,130.25,-2.62
4448,130.25,-2.87
4449,130.25,-3.12
4450,130.25,-3.37
4451,130.25,-3.62
4452,130.25,-3.87
4453,130.25,-4.37
4454,130.25,-4.62
4455,130.25,-4.87
4456,130.25,-5.37
4457,130.25,-5.62
4458,130.25,-5.87
4459,130.25,-6.12
4460,130.25,-6.37
4461,130.25,-6.62
4462,130.25,-7.62
4463,130.25,-7.87
4464,130.25,-8.12
4465,130.5,0.38
4466,130.5,0.13
4467,130.5,-0.12
4468,130.5,-0.37
4469,130.5,-0.62
4470,130.5,-0.87
4471,130.5,-1.12
4472,130.5,-1.37
4473,130.5,-1.62
4474,130.5,-1.87
4475,130.5,-2.12
4476,130.5,-2.37
4477,130.5,-2.62
4478,130.5,-2.87
4479,130.5,-3.12
4480,130.5,-3.37
4481,130.5,-3.62
4482,130.5,-3.87
4483,130.5,-4.12
4484,130.5,-5.37
4485,130.5,-5.62
4486,130.5,-5.87
4487,130.5,-7.37
4488,130.5,-7.62
4489,130.5,-8.12
4490,130.5,-8.37
4491,130.5,-8.62
4492,130.75,0.63
4493,130.75,0.38
4494,130.75,0.13
4495,130.75,-0.12
4496,130.75,-0.37
4497,130.75,-0.62
4498,130.75,-0.87
4499,130.75,-1.12
4500,130.75,-1.37
4501,130.75,-1.62
4502,130.75,-1.87
4503,130.75,-2.12
4504,130.75,-2.37
4505,130.75,-2.62
4506,130.75,-2.87
4507,130.75,-3.12
4508,130.75,-3.37
4509,130.75,-3.62
4510,130.75,-3.87
4511,130.75,-4.12
4512,130.75,-7.12
4513,130.75,-7.37
4514,130.75,-7.62
4515,130.75,-7.87
4516,130.75,-8.12
4517,130.75,-8.37
4518,130.75,-8.62
4519,131,1.38
4520,131,1.13
4521,131,0.88
4522,131,0.63
4523,131,0.38
4524,131,0.13
4525,131,-0.12
4526,131,-0.37
4527,131,-0.62
4528,131,-0.87
4529,131,-1.12
4530,131,-1.37
4531,131,-1.62
4532,131,-1.87
4533,131,-2.12
4534,131,-2.37
4535,131,-3.12
4536,131,-3.37
4537,131,-3.62
4538,131,-3.87
4539,131,-4.12
4540,131,-4.37
4541,131,-7.12
4542,131,-7.37
4543,131,-7.62
4544,131,-7.87
4545,131,-8.12
4546,131,-8.37
4547,131,-8.62
4548,131.25,1.38
4549,131.25,1.13
4550,131.25,0.88
4551,131.25,0.63
4552,131.25,0.38
4553,131.25,0.13
4554,131.25,-0.12
4555,131.25,-0.37
4556,131.25,-0.62
4557,131.25,-0.87
4558,131.25,-1.12
4559,131.25,-1.37
4560,131.25,-1.62
4561,131.25,-1.87
4562,131.25,-2.12
4563,131.25,-2.37
4564,131.25,-2.62
4565,131.25,-2.87
4566,131.25,-3.62
4567,131.25,-3.87
4568,131.25,-4.12
4569,131.25,-4.37
4570,131.25,-6.62
4571,131.25,-6.87
4572,131.25,-7.12
4573,131.25,-7.37
4574,131.25,-7.62
4575,131.25,-7.87
4576,131.25,-8.12
4577,131.25,-8.37
4578,131.5,1.38
4579,131.5,1.13
4580,131.5,0.88
4581,131.5,0.63
4582,131.5,0.38
4583,131.5,0.13
4584,131.5,-0.12
4585,131.5,-0.37
4586,131.5,-0.62
4587,131.5,-0.87
4588,131.5,-1.12
4589,131.5,-1.37
4590,131.5,-1.62
4591,131.5,-1.87
4592,131.5,-2.37
4593,131.5,-2.62
4594,131.5,-2.87
4595,131.5,-3.62
4596,131.5,-3.87
4597,131.5,-4.12
4598,131.5,-4.37
4599,131.5,-4.62
4600,131.5,-4.87
4601,131.5,-6.37
4602,131.5,-6.62
4603,131.5,-6.87
4604,131.5,-7.12
4605,131.5,-7.37
4606,131.5,-7.62
4607,131.5,-7.87
4608,131.5,-8.12
4609,131.5,-8.37
4610,131.75,-0.37
4611,131.75,-0.62
4612,131.75,-0.87
4613,131.75,-1.12
4614,131.75,-1.37
4615,131.75,-1.62
4616,131.75,-1.87
4617,131.75,-2.12
4618,131.75,-2.37
4619,131.75,-2.62
4620,131.75,-2.87
4621,131.75,-3.12
4622,131.75,-3.87
4623,131.75,-4.12
4624,131.75,-4.37
4625,131.75,-4.62
4626,131.75,-4.87
4627,131.75,-5.12
4628,131.75,-5.37
4629,131.75,-5.62
4630,131.75,-5.87
4631,131.75,-6.37
4632,131.75,-6.62
4633,131.75,-6.87
4634,131.75,-7.12
4635,131.75,-7.37
4636,131.75,-7.62
4637,131.75,-7.87
4638,132,-0.12
4639,132,-0.37
4640,132,-0.62
4641,132,-0.87
4642,132,-1.12
4643,132,-1.37
4644,132,-1.62
4645,132,-1.87
4646,132,-2.12
4647,132,-2.37
4648,132,-2.62
4649,132,-2.87
4650,132,-3.12
4651,132,-4.37
4652,132,-4.62
4653,132,-4.87
4654,132,-5.12
4655,132,-5.37
4656,132,-5.62
4657,132,-5.87
4658,132,-6.62
4659,132,-6.87
4660,132,-7.12
4661,132,-7.37
4662,132,-7.62
4663,132.25,-0.12
4664,132.25,-0.37
4665,132.25,-0.62
4666,132.25,-0.87
4667,132.25,-1.12
4668,132.25,-1.37
4669,132.25,-1.62
4670,132.25,-1.87
4671,132.25,-2.12
4672,132.25,-2.37
4673,132.25,-2.62
4674,132.25,-2.87
4675,132.25,-3.12
4676,132.25,-3.37
4677,132.25,-4.87
4678,132.25,-5.12
4679,132.25,-5.37
4680,132.25,-5.62
4681,132.25,-5.87
4682,132.25,-6.12
4683,132.25,-6.37
4684,132.25,-6.87
4685,132.25,-7.12
4686,132.25,-7.37
4687,132.5,-0.12
4688,132.5,-0.37
4689,132.5,-0.62
4690,132.5,-0.87
4691,132.5,-1.12
4692,132.5,-1.37
4693,132.5,-1.62
4694,132.5,-1.87
4695,132.5,-2.12
4696,132.5,-2.37
4697,132.5,-2.62
4698,132.5,-2.87
4699,132.5,-3.12
4700,132.5,-3.37
4701,132.5,-3.62
4702,132.5,-3.87
4703,132.5,-4.12
4704,132.5,-5.12
4705,132.5,-5.37
4706,132.5,-5.62
4707,132.5,-5.87
4708,132.5,-6.12
4709,132.5,-6.37
4710,132.75,-0.12
4711,132.75,-0.37
4712,132.75,-0.62
4713,132.75,-0.87
4714,132.75,-1.12
4715,132.75,-1.37
4716,132.75,-1.62
4717,132.75,-1.87
4718,132.75,-2.12
4719,132.75,-2.37
4720,132.75,-2.62
4721,132.75,-2.87
4722,132.75,-3.12
4723,132.75,-3.37
4724,132.75,-3.62
4725,132.75,-3.87
4726,132.75,-4.12
4727,132.75,-4.37
4728,132.75,-5.12
4729,132.75,-5.37
4730,132.75,-5.62
4731,132.75,-5.87
4732,132.75,-6.12
4733,132.75,-6.37
4734,133,-0.12
4735,133,-0.37
4736,133,-0.62
4737,133,-0.87
4738,133,-1.12
4739,133,-1.37
4740,133,-1.62
4741,133,-1.87
4742,133,-2.12
4743,133,-2.37
4744,133,-2.62
4745,133,-2.87
4746,133,-3.12
4747,133,-3.37
4748,133,-3.62
4749,133,-3.87
4750,133,-4.12
4751,133,-4.37
4752,133,-5.12
4753,133,-5.37
4754,133,-5.62
4755,133,-5.87
4756,133,-6.12
4757,133,-6.37
4758,133.25,-0.37
4759,133.25,-0.62
4760,133.25,-0.87
4761,133.25,-1.12
4762,133.25,-1.37
4763,133.25,-1.62
4764,133.25,-1.87
4765,133.25,-2.12
4766,133.25,-2.37
4767,133.25,-2.62
4768,133.25,-2.87
4769,133.25,-3.12
4770,133.25,-3.37
4771,133.25,-3.62
4772,133.25,-3.87
4773,133.25,-4.12
4774,133.25,-4.37
4775,133.25,-5.12
4776,133.25,-5.37
4777,133.25,-5.62
4778,133.25,-5.87
4779,133.25,-6.12
4780,133.5,-0.37
4781,133.5,-0.62
4782,133.5,-0.87
4783,133.5,-1.12
4784,133.5,-1.37
4785,133.5,-1.62
4786,133.5,-1.87
4787,133.5,-2.12
4788,133.5,-2.37
4789,133.5,-2.62
4790,133.5,-2.87
4791,133.5,-3.12
4792,133.5,-3.37
4793,133.5,-3.62
4794,133.5,-3.87
4795,133.5,-4.12
4796,133.5,-4.37
4797,133.5,-4.62
4798,133.5,-5.12
4799,133.5,-5.37
4800,133.5,-5.62
4801,133.75,-0.37
4802,133.75,-0.62
4803,133.75,-0.87
4804,133.75,-1.12
4805,133.75,-1.37
4806,133.75,-1.62
4807,133.75,-1.87
4808,133.75,-2.12
4809,133.75,-2.37
4810,133.75,-2.62
4811,133.75,-2.87
4812,133.75,-3.12
4813,133.75,-3.37
4814,133.75,-3.62
4815,133.75,-3.87
4816,133.75,-4.12
4817,133.75,-4.37
4818,133.75,-4.62
4819,133.75,-6.12
4820,133.75,-6.37
4821,133.75,-6.62
4822,133.75,-6.87
4823,134,1.13
4824,134,0.88
4825,134,0.63
4826,134,-0.37
4827,134,-0.62
4828,134,-0.87
4829,134,-1.12
4830,134,-1.37
4831,134,-1.62
4832,134,-1.87
4833,134,-2.12
4834,134,-2.37
4835,134,-2.62
4836,134,-2.87
4837,134,-3.12
4838,134,-3.37
4839,134,-3.62
4840,134,-3.87
4841,134,-4.12
4842,134,-4.37
4843,134,-5.37
4844,134,-5.62
4845,134,-5.87
4846,134,-6.12
4847,134,-6.37
4848,134,-6.62
4849,134,-6.87
4850,134,-7.12
4851,134.25,1.13
4852,134.25,0.88
4853,134.25,0.63
4854,134.25,-0.62
4855,134.25,-0.87
4856,134.25,-1.12
4857,134.25,-1.37
4858,134.25,-1.62
4859,134.25,-1.87
4860,134.25,-2.12
4861,134.25,-2.37
4862,134.25,-2.62
4863,134.25,-2.87
4864,134.25,-3.12
4865,134.25,-3.37
4866,134.25,-3.62
4867,134.25,-3.87
4868,134.25,-4.12
4869,134.25,-4.37
4870,134.25,-5.12
4871,134.25,-5.37
4872,134.25,-5.62
4873,134.25,-5.87
4874,134.25,-6.12
4875,134.25,-6.37
4876,134.25,-6.62
4877,134.25,-6.87
4878,134.25,-7.12
4879,134.25,-7.37
4880,134.5,1.13
4881,134.5,0.88
4882,134.5,0.63
4883,134.5,-0.87
4884,134.5,-1.12
4885,134.5,-1.37
4886,134.5,-1.62
4887,134.5,-1.87
4888,134.5,-2.12
4889,134.5,-2.37
4890,134.5,-2.62
4891,134.5,-2.87
4892,134.5,-3.12
4893,134.5,-3.37
4894,134.5,-3.62
4895,134.5,-3.87
4896,134.5,-4.12
4897,134.5,-4.37
4898,134.5,-5.12
4899,134.5,-5.37
4900,134.5,-5.62
4901,134.5,-5.87
4902,134.5,-6.12
4903,134.5,-6.37
4904,134.5,-6.62
4905,134.5,-6.87
4906,134.5,-7.12
4907,134.5,-7.37
4908,134.75,-0.62
4909,134.75,-0.87
4910,134.75,-1.12
4911,134.75,-1.37
4912,134.75,-1.62
4913,134.75,-1.87
4914,134.75,-2.12
4915,134.75,-2.37
4916,134.75,-2.62
4917,134.75,-2.87
4918,134.75,-3.12
4919,134.75,-3.37
4920,134.75,-3.62
4921,134.75,-3.87
4922,134.75,-4.12
4923,134.75,-4.37
4924,134.75,-4.62
4925,134.75,-5.12
4926,134.75,-5.37
4927,134.75,-5.62
4928,134.75,-5.87
4929,134.75,-6.12
4930,134.75,-6.37
4931,134.75,-6.62
4932,134.75,-6.87
4933,134.75,-7.12
4934,134.75,-7.37
4935,135,-0.12
4936,135,-0.37
4937,135,-0.62
4938,135,-0.87
4939,135,-1.12
4940,135,-1.37
4941,135,-1.62
4942,135,-1.87
4943,135,-2.37
4944,135,-2.62
4945,135,-2.87
4946,135,-3.12
4947,135,-3.37
4948,135,-3.62
4949,135,-3.87
4950,135,-4.12
4951,135,-4.37
4952,135,-4.62
4953,135,-5.37
4954,135,-5.62
4955,135,-5.87
4956,135,-6.12
4957,135,-6.37
4958,135,-6.62
4959,135,-6.87
4960,135,-7.12
4961,135.25,-0.12
4962,135.25,-0.37
4963,135.25,-0.62
4964,135.25,-0.87
4965,135.25,-1.12
4966,135.25,-1.37
4967,135.25,-1.62
4968,135.25,-1.87
4969,135.25,-2.62
4970,135.25,-2.87
4971,135.25,-3.12
4972,135.25,-3.37
4973,135.25,-3.62
4974,135.25,-3.87
4975,135.25,-4.12
4976,135.25,-4.37
4977,135.25,-4.62
4978,135.25,-5.87
4979,135.25,-6.12
4980,135.25,-6.37
4981,135.5,-0.12
4982,135.5,-0.37
4983,135.5,-0.62
4984,135.5,-0.87
4985,135.5,-1.12
4986,135.5,-1.37
4987,135.5,-1.62
4988,135.5,-1.87
4989,135.5,-2.62
4990,135.5,-2.87
4991,135.5,-3.12
4992,135.5,-3.37
4993,135.5,-3.62
4994,135.5,-3.87
4995,135.5,-4.12
4996,135.5,-4.37
4997,135.5,-4.62
4998,135.75,-0.37
4999,135.75,-0.62
5000,135.75,-0.87
5001,135.75,-1.12
5002,135.75,-1.37
5003,135.75,-1.62
5004,135.75,-1.87
5005,135.75,-2.12
5006,135.75,-2.62
5007,135.75,-2.87
5008,135.75,-3.12
5009,135.75,-3.37
5010,135.75,-3.62
5011,135.75,-3.87
5012,135.75,-4.12
5013,135.75,-4.37
5014,135.75,-4.62
5015,135.75,-4.87
5016,136,-0.37
5017,136,-0.62
5018,136,-0.87
5019,136,-1.12
5020,136,-1.37
5021,136,-1.62
5022,136,-1.87
5023,136,-2.12
5024,136,-2.37
5025,136,-2.62
5026,136,-2.87
5027,136,-3.12
5028,136,-3.37
5029,136,-3.62
5030,136,-3.87
5031,136,-4.12
5032,136,-4.37
5033,136,-4.62
5034,136,-4.87
5035,136.25,-0.62
5036,136.25,-0.87
5037,136.25,-1.12
5038,136.25,-1.37
5039,136.25,-1.62
5040,136.25,-1.87
5041,136.25,-2.12
5042,136.25,-2.37
5043,136.25,-2.62
5044,136.25,-2.87
5045,136.25,-3.12
5046,136.25,-3.37
5047,136.25,-3.62
5048,136.25,-3.87
5049,136.25,-4.12
5050,136.25,-4.37
5051,136.25,-4.62
5052,136.25,-4.87
5053,136.5,-0.87
5054,136.5,-1.12
5055,136.5,-1.37
5056,136.5,-1.62
5057,136.5,-1.87
5058,136.5,-2.12
5059,136.5,-2.37
5060,136.5,-2.62
5061,136.5,-2.87
5062,136.5,-3.12
5063,136.5,-3.37
5064,136.5,-3.62
5065,136.5,-3.87
5066,136.5,-4.12
5067,136.5,-4.37
5068,136.5,-4.62
5069,136.5,-4.87
5070,136.5,-5.12
5071,136.75,-0.87
5072,136.75,-1.12
5073,136.75,-1.37
5074,136.75,-1.62
5075,136.75,-1.87
5076,136.75,-2.12
5077,136.75,-2.37
5078,136.75,-2.62
5079,136.75,-2.87
5080,136.75,-3.12
5081,136.75,-3.37
5082,136.75,-3.62
5083,136.75,-3.87
5084,136.75,-4.12
5085,136.75,-4.37
5086,136.75,-4.62
5087,136.75,-4.87
5088,136.75,-5.12
5089,137,-1.12
5090,137,-1.37
5091,137,-1.62
5092,137,-1.87
5093,137,-2.12
5094,137,-2.37
5095,137,-2.62
5096,137,-2.87
5097,137,-3.12
5098,137,-3.37
5099,137,-3.62
5100,137,-3.87
5101,137,-4.12
5102,137,-4.37
5103,137,-4.62
5104,137,-4.87
5105,137,-5.12
5106,137.25,-1.37
5107,137.25,-1.62
5108,137.25,-1.87
5109,137.25,-2.12
5110,137.25,-2.37
5111,137.25,-2.62
5112,137.25,-2.87
5113,137.25,-3.12
5114,137.25,-3.37
5115,137.25,-3.62
5116,137.25,-3.87
5117,137.25,-4.12
5118,137.25,-4.37
5119,137.25,-4.62
5120,137.25,-4.87
5121,137.25,-5.12
5122,137.25,-5.37
5123,137.25,-8.37
5124,137.5,-1.37
5125,137.5,-1.62
5126,137.5,-1.87
5127,137.5,-2.12
5128,137.5,-2.37
5129,137.5,-2.62
5130,137.5,-2.87
5131,137.5,-3.12
5132,137.5,-3.37
5133,137.5,-3.62
5134,137.5,-3.87
5135,137.5,-4.12
5136,137.5,-4.37
5137,137.5,-4.62
5138,137.5,-4.87
5139,137.5,-5.12
5140,137.5,-5.37
5141,137.5,-5.62
5142,137.5,-7.87
5143,137.5,-8.12
5144,137.5,-8.37
5145,137.5,-8.62
5146,137.75,-1.12
5147,137.75,-1.37
5148,137.75,-1.62
5149,137.75,-1.87
5150,137.75,-2.12
5151,137.75,-2.37
5152,137.75,-2.62
5153,137.75,-2.87
5154,137.75,-3.12
5155,137.75,-3.37
5156,137.75,-3.62
5157,137.75,-3.87
5158,137.75,-4.12
5159,137.75,-4.37
5160,137.75,-4.62
5161,137.75,-4.87
5162,137.75,-5.12
5163,137.75,-5.37
5164,137.75,-5.62
5165,137.75,-5.87
5166,137.75,-7.37
5167,137.75,-7.62
5168,137.75,-7.87
5169,137.75,-8.12
5170,137.75,-8.37
5171,137.75,-8.62
5172,138,-1.12
5173,138,-1.37
5174,138,-1.62
5175,138,-1.87
5176,138,-2.12
5177,138,-2.37
5178,138,-2.62
5179,138,-2.87
5180,138,-3.12
5181,138,-3.37
5182,138,-3.62
5183,138,-3.87
5184,138,-4.12
5185,138,-4.37
5186,138,-4.62
5187,138,-4.87
5188,138,-5.12
5189,138,-5.37
5190,138,-5.62
5191,138,-5.87
5192,138,-6.12
5193,138,-7.37
5194,138,-7.62
5195,138,-7.87
5196,138,-8.12
5197,138,-8.37
5198,138,-8.62
5199,138.25,-1.37
5200,138.25,-1.62
5201,138.25,-1.87
5202,138.25,-2.12
5203,138.25,-2.37
5204,138.25,-2.62
5205,138.25,-2.87
5206,138.25,-3.12
5207,138.25,-3.37
5208,138.25,-3.62
5209,138.25,-3.87
5210,138.25,-4.12
5211,138.25,-4.37
5212,138.25,-4.62
5213,138.25,-4.87
5214,138.25,-5.12
5215,138.25,-5.37
5216,138.25,-5.62
5217,138.25,-5.87
5218,138.25,-6.12
5219,138.25,-6.37
5220,138.25,-6.62
5221,138.25,-6.87
5222,138.25,-7.12
5223,138.25,-7.37
5224,138.25,-7.62
5225,138.25,-7.87
5226,138.25,-8.12
5227,138.25,-8.37
5228,138.25,-8.62
5229,138.5,-1.37
5230,138.5,-1.62
5231,138.5,-1.87
5232,138.5,-2.12
5233,138.5,-2.37
5234,138.5,-2.62
5235,138.5,-2.87
5236,138.5,-3.12
5237,138.5,-3.37
5238,138.5,-3.62
5239,138.5,-3.87
5240,138.5,-4.12
5241,138.5,-4.37
5242,138.5,-4.62
5243,138.5,-4.87
5244,138.5,-5.12
5245,138.5,-5.37
5246,138.5,-5.62
5247,138.5,-5.87
5248,138.5,-6.12
5249,138.5,-6.37
5250,138.5,-6.62
5251,138.5,-6.87
5252,138.5,-7.12
5253,138.5,-7.37
5254,138.5,-7.62
5255,138.5,-7.87
5256,138.5,-8.12
5257,138.5,-8.37
5258,138.5,-8.62
5259,138.75,-1.37
5260,138.75,-1.62
5261,138.75,-1.87
5262,138.75,-2.12
5263,138.75,-2.37
5264,138.75,-2.62
5265,138.75,-2.87
5266,138.75,-3.12
5267,138.75,-3.37
5268,138.75,-3.62
5269,138.75,-3.87
5270,138.75,-4.12
5271,138.75,-4.37
5272,138.75,-4.62
5273,138.75,-4.87
5274,138.75,-5.12
5275,138.75,-5.37
5276,138.75,-5.62
5277,138.75,-5.87
5278,138.75,-6.12
5279,138.75,-6.37
5280,138.75,-6.62
5281,138.75,-6.87
5282,138.75,-7.12
5283,138.75,-7.37
5284,138.75,-7.62
5285,138.75,-7.87
5286,138.75,-8.12
5287,138.75,-8.37
5288,138.75,-8.62
5289,139,-1.37
5290,139,-1.62
5291,139,-1.87
5292,139,-2.12
5293,139,-2.37
5294,139,-2.62
5295,139,-2.87
5296,139,-3.12
5297,139,-3.37
5298,139,-3.62
5299,139,-3.87
5300,139,-4.12
5301,139,-4.37
5302,139,-4.62
5303,139,-4.87
5304,139,-5.12
5305,139,-5.37
5306,139,-5.62
5307,139,-5.87
5308,139,-6.12
5309,139,-6.37
5310,139,-6.62
5311,139,-6.87
5312,139,-7.12
5313,139,-7.37
5314,139,-7.62
5315,139,-7.87
5316,139,-8.12
5317,139,-8.37
5318,139,-8.62
5319,139.25,-1.62
5320,139.25,-1.87
5321,139.25,-2.12
5322,139.25,-2.37
5323,139.25,-2.62
5324,139.25,-2.87
5325,139.25,-3.12
5326,139.25,-3.37
5327,139.25,-3.62
5328,139.25,-3.87
5329,139.25,-4.12
5330,139.25,-4.37
5331,139.25,-4.62
5332,139.25,-4.87
5333,139.25,-5.12
5334,139.25,-5.37
5335,139.25,-5.62
5336,139.25,-5.87
5337,139.25,-6.12
5338,139.25,-6.37
5339,139.25,-6.62
5340,139.25,-6.87
5341,139.25,-7.12
5342,139.25,-7.37
5343,139.25,-7.62
5344,139.25,-7.87
5345,139.25,-8.12
5346,139.25,-8.37
5347,139.25,-8.62
5348,139.5,-1.87
5349,139.5,-2.12
5350,139.5,-2.37
5351,139.5,-2.62
5352,139.5,-2.87
5353,139.5,-3.12
5354,139.5,-3.37
5355,139.5,-3.62
5356,139.5,-3.87
5357,139.5,-4.12
5358,139.5,-4.37
5359,139.5,-4.62
5360,139.5,-4.87
5361,139.5,-5.12
5362,139.5,-5.37
5363,139.5,-5.62
5364,139.5,-5.87
5365,139.5,-6.12
5366,139.5,-6.37
5367,139.5,-6.62
5368,139.5,-6.87
5369,139.5,-7.12
5370,139.5,-7.37
5371,139.5,-7.62
5372,139.5,-7.87
5373,139.5,-8.12
5374,139.5,-8.37
5375,139.75,-1.87
5376,139.75,-2.12
5377,139.75,-2.37
5378,139.75,-2.62
5379,139.75,-2.87
5380,139.75,-3.12
5381,139.75,-3.37
5382,139.75,-3.62
5383,139.75,-3.87
5384,139.75,-4.12
5385,139.75,-4.37
5386,139.75,-4.62
5387,139.75,-4.87
5388,139.75,-5.12
5389,139.75,-5.37
5390,139.75,-5.62
5391,139.75,-5.87
5392,139.75,-6.12
5393,139.75,-6.37
5394,139.75,-6.62
5395,139.75,-6.87
5396,139.75,-7.12
5397,139.75,-7.37
5398,139.75,-7.62
5399,139.75,-7.87
5400,139.75,-8.12
5401,139.75,-8.37
5402,140,-2.12
5403,140,-2.37
5404,140,-2.62
5405,140,-2.87
5406,140,-3.12
5407,140,-3.37
5408,140,-3.62
5409,140,-3.87
5410,140,-4.12
5411,140,-4.37
5412,140,-4.62
5413,140,-4.87
5414,140,-5.12
5415,140,-5.37
5416,140,-5.62
5417,140,-5.87
5418,140,-6.12
5419,140,-6.37
5420,140,-6.62
5421,140,-6.87
5422,140,-7.12
5423,140,-7.37
5424,140,-7.62
5425,140,-7.87
5426,140,-8.12
5427,140,-8.37
5428,140,-8.62
5429,140.25,-2.12
5430,140.25,-2.37
5431,140.25,-2.62
5432,140.25,-2.87
5433,140.25,-3.12
5434,140.25,-3.37
5435,140.25,-3.62
5436,140.25,-3.87
5437,140.25,-4.12
5438,140.25,-4.37
5439,140.25,-4.62
5440,140.25,-4.87
5441,140.25,-5.12
5442,140.25,-5.37
5443,140.25,-5.62
5444,140.25,-5.87
5445,140.25,-6.12
5446,140.25,-6.37
5447,140.25,-6.62
5448,140.25,-6.87
5449,140.25,-7.12
5450,140.25,-7.37
5451,140.25,-7.62
5452,140.25,-7.87
5453,140.25,-8.12
5454,140.25,-8.37
5455,140.25,-8.62
5456,140.25,-8.87
5457,140.5,-2.12
5458,140.5,-2.37
5459,140.5,-2.62
5460,140.5,-2.87
5461,140.5,-3.12
5462,140.5,-3.37
5463,140.5,-3.62
5464,140.5,-3.87
5465,140.5,-4.12
5466,140.5,-4.37
5467,140.5,-4.62
5468,140.5,-4.87
5469,140.5,-5.12
5470,140.5,-5.37
5471,140.5,-5.62
5472,140.5,-5.87
5473,140.5,-6.12
5474,140.5,-6.37
5475,140.5,-6.62
5476,140.5,-6.87
5477,140.5,-7.12
5478,140.5,-7.37
5479,140.5,-7.62
5480,140.5,-7.87
5481,140.5,-8.12
5482,140.5,-8.37
5483,140.5,-8.62
5484,140.5,-8.87
5485,140.5,-9.12
5486,140.75,-2.12
5487,140.75,-2.37
5488,140.75,-2.62
5489,140.75,-2.87
5490,140.75,-3.12
5491,140.75,-3.37
5492,140.75,-3.62
5493,140.75,-3.87
5494,140.75,-4.12
5495,140.75,-4.37
5496,140.75,-4.62
5497,140.75,-4.87
5498,140.75,-5.12
5499,140.75,-5.37
5500,140.75,-5.62
5501,140.75,-5.87
5502,140.75,-6.12
5503,140.75,-6.37
5504,140.75,-6.62
5505,140.75,-6.87
5506,140.75,-7.12
5507,140.75,-7.37
5508,140.75,-7.62
5509,140.75,-7.87
5510,140.75,-8.12
5511,140.75,-8.37
5512,140.75,-8.62
5513,140.75,-8.87
5514,140.75,-9.12
5515,140.75,-9.37
5516,141,-2.37
5517,141,-2.62
5518,141,-2.87
5519,141,-3.12
5520,141,-3.37
5521,141,-3.62
5522,141,-3.87
5523,141,-4.12
5524,141,-4.37
5525,141,-4.62
5526,141,-4.87
5527,141,-5.12
5528,141,-5.37
5529,141,-5.62
5530,141,-5.87
5531,141,-6.12
5532,141,-6.37
5533,141,-6.62
5534,141,-6.87
5535,141,-7.12
5536,141,-7.37
5537,141,-7.62
5538,141,-7.87
5539,141,-8.12
5540,141,-8.37
5541,141,-8.62
5542,141,-8.87
5543,141,-9.12
5544,141,-9.37
5545,141.25,-2.37
5546,141.25,-2.62
5547,141.25,-2.87
5548,141.25,-3.12
5549,141.25,-3.37
5550,141.25,-3.62
5551,141.25,-3.87
5552,141.25,-4.12
5553,141.25,-4.37
5554,141.25,-4.62
5555,141.25,-4.87
5556,141.25,-5.12
5557,141.25,-5.37
5558,141.25,-5.62
5559,141.25,-5.87
5560,141.25,-6.12
5561,141.25,-6.37
5562,141.25,-6.62
5563,141.25,-6.87
5564,141.25,-7.12
5565,141.25,-7.37
5566,141.25,-7.62
5567,141.25,-7.87
5568,141.25,-8.12
5569,141.25,-8.37
5570,141.25,-8.62
5571,141.25,-8.87
5572,141.25,-9.12
5573,141.25,-9.37
